T,X1,X2,abs_dX,dataset
2.0,-1.3361151843073948,-3.2102526715332638,1.874137487225869,TonkinHill_full
2.0,-2.0328355230347825,-2.627732180258206,0.5948966572234236,TonkinHill_full
2.0,-0.7166776779701395,-3.2327162543023005,2.516038576332161,TonkinHill_full
2.0,0.4009807956608345,4.026383363167525,3.6254025675066908,TonkinHill_full
2.0,-3.110231473130566,-4.861696235374058,1.7514647622434922,TonkinHill_full
2.0,-1.054639300444118,-0.077160612297516,0.9774786881466019,TonkinHill_full
1.0,0.3184651217429128,1.4958917499756454,1.1774266282327326,TonkinHill_full
1.0,-0.8038330669054313,-1.8763374203419518,1.0725043534365204,TonkinHill_full
1.0,-3.610851748822579,-3.7785554575332636,0.16770370871068474,TonkinHill_full
2.0,-3.640211416766197,-4.354936329876621,0.7147249131104236,TonkinHill_full
2.0,-1.8527316690260742,-1.4305236210677927,0.4222080479582815,TonkinHill_full
2.0,-1.7309649157163642,-1.8208435767297977,0.08987866101343345,TonkinHill_full
2.0,-2.801723768933411,-0.6939297238654933,2.1077940450679176,TonkinHill_full
2.0,-0.36477423064583087,-5.188976718438894,4.824202487793063,TonkinHill_full
3.0,-1.0271813826537268,-4.545647635239614,3.5184662525858865,TonkinHill_full
3.0,-0.7302431786235947,-3.8608431619007355,3.1305999832771407,TonkinHill_full
1.0,-1.0036406388298391,0.03260730726026831,1.0362479460901075,TonkinHill_full
1.0,-3.660018684053303,-4.027578036738233,0.3675593526849301,TonkinHill_full
1.0,-3.87907599818105,-3.2953887821155305,0.5836872160655195,TonkinHill_full
1.0,3.8171861178586974,5.9946851618081185,2.177499043949421,TonkinHill_full
1.0,-2.748111531558233,-3.1107083890204974,0.3625968574622642,TonkinHill_full
1.0,0.5759065224924305,0.9080186258808219,0.3321121033883915,TonkinHill_full
1.0,-0.37268292307082634,-0.311700058179526,0.06098286489130034,TonkinHill_full
1.0,-0.20983220667597202,-0.9469044647058195,0.7370722580298474,TonkinHill_full
1.0,-1.748383575829765,-1.921094979935593,0.17271140410582797,TonkinHill_full
1.0,-1.0143866570277429,-1.038000907728381,0.02361425070063805,TonkinHill_full
2.0,-1.5831170438077644,-1.7476782293664648,0.16456118555870036,TonkinHill_full
2.0,-3.6749606805555697,-3.689925807667602,0.014965127112032128,TonkinHill_full
2.0,-3.5851497833180836,-5.115395629682055,1.5302458463639717,TonkinHill_full
2.0,2.1161017864931853,8.018507860878385,5.902406074385199,TonkinHill_full
2.0,-1.6362462057317413,-2.6200316401341577,0.9837854344024164,TonkinHill_full
2.0,-3.345427009151148,-4.631341711084855,1.2859147019337067,TonkinHill_full
1.0,-2.8555103132506185,-1.998705492475582,0.8568048207750365,TonkinHill_full
1.0,-2.6949971707590437,-1.9791752483060838,0.7158219224529598,TonkinHill_full
3.0,-3.47631456764927,-3.546854954084517,0.07054038643524674,TonkinHill_full
3.0,-3.810742327120367,-3.0139098709232,0.7968324561971669,TonkinHill_full
2.0,-3.3138317506687027,-4.333289907738367,1.0194581570696641,TonkinHill_full
2.0,0.3359473340189701,-0.8296895182138218,1.1656368522327918,TonkinHill_full
2.0,-3.580051095722063,-3.5679575431841055,0.012093552537957297,TonkinHill_full
2.0,-2.585493886693169,-1.799903226810971,0.7855906598821982,TonkinHill_full
1.0,-3.4053553918108195,-3.8170393029365477,0.4116839111257282,TonkinHill_full
1.0,-3.703841633659491,-3.994677819703682,0.29083618604419126,TonkinHill_full
1.0,-3.425696402150479,-3.8510995088411937,0.4254031066907147,TonkinHill_full
1.0,-2.693239789094191,-3.1476161002958247,0.4543763112016337,TonkinHill_full
1.0,-3.490076012875296,-2.8773427530255513,0.6127332598497448,TonkinHill_full
1.0,-3.6455290132403237,-2.764029468844111,0.8814995443962128,TonkinHill_full
1.0,-2.27489429284886,-0.9001299860869328,1.3747643067619273,TonkinHill_full
1.0,0.4571560196821358,-1.822840052246447,2.279996071928583,TonkinHill_full
1.0,-3.5823774141492093,-3.347381790648661,0.23499562350054815,TonkinHill_full
1.0,-2.955863067937975,-1.0375197414178121,1.918343326520163,TonkinHill_full
1.0,-2.928896322758731,-1.3630714407071554,1.5658248820515754,TonkinHill_full
1.0,-2.055961190602628,-1.8776317641945361,0.17832942640809168,TonkinHill_full
1.0,-3.8654809728181645,-3.7692437883817718,0.09623718443639273,TonkinHill_full
1.0,-2.85970169853509,-2.526230610352427,0.33347108818266324,TonkinHill_full
