sigma_key,sigma,sample_id,T_hours,T_days,X0,XT,dX,abs_dX
sigma_15,1.5,0,1.0,0.041666666666666664,-1.4305725102563656,-1.1874095479109639,0.2431629623454017,0.2431629623454017
sigma_15,1.5,1,1.0,0.041666666666666664,-2.26389314764272,-2.1165586169706634,0.14733453067205682,0.14733453067205682
sigma_15,1.5,2,1.0,0.041666666666666664,-2.0277296176853246,-2.4485356697583023,-0.4208060520729777,0.4208060520729777
sigma_15,1.5,3,1.0,0.041666666666666664,-3.6911488533918266,-4.05720040813227,-0.3660515547404435,0.3660515547404435
sigma_15,1.5,4,1.0,0.041666666666666664,-2.5706038990228195,-2.296073413357691,0.2745304856651285,0.2745304856651285
sigma_15,1.5,5,1.0,0.041666666666666664,-1.510670518706967,-1.6433458765426878,-0.13267535783572093,0.13267535783572093
sigma_15,1.5,6,1.0,0.041666666666666664,-1.6699247331013942,-1.8600505174359596,-0.1901257843345654,0.1901257843345654
sigma_15,1.5,7,1.0,0.041666666666666664,-3.6010998771085148,-3.600028652999734,0.0010712241087809105,0.0010712241087809105
sigma_15,1.5,8,1.0,0.041666666666666664,-2.805759111004318,-3.437944088681192,-0.6321849776768742,0.6321849776768742
sigma_15,1.5,9,1.0,0.041666666666666664,-3.746357579155224,-3.721802490799175,0.024555088356049026,0.024555088356049026
sigma_15,1.5,10,1.0,0.041666666666666664,-1.6831714041660895,-1.8455971688179802,-0.16242576465189074,0.16242576465189074
sigma_15,1.5,11,1.0,0.041666666666666664,-3.2135397650014115,-3.0862579712939544,0.12728179370745707,0.12728179370745707
sigma_15,1.5,12,1.0,0.041666666666666664,-1.5452339302005866,-1.7058437982766252,-0.1606098680760386,0.1606098680760386
sigma_15,1.5,13,1.0,0.041666666666666664,-2.8240130447245675,-2.97446600685177,-0.15045296212720238,0.15045296212720238
sigma_15,1.5,14,1.0,0.041666666666666664,-1.0108918250791108,-0.9816065881449071,0.029285236934203707,0.029285236934203707
sigma_15,1.5,15,1.0,0.041666666666666664,-1.1424751863067084,-0.9451705236789375,0.1973046626277709,0.1973046626277709
sigma_15,1.5,16,1.0,0.041666666666666664,-3.6765649212491445,-3.2511294890552436,0.4254354321939009,0.4254354321939009
sigma_15,1.5,17,1.0,0.041666666666666664,-2.437533350483552,-2.6764172733395917,-0.23888392285603954,0.23888392285603954
sigma_15,1.5,18,1.0,0.041666666666666664,-3.766944899256144,-4.264073654906988,-0.49712875565084413,0.49712875565084413
sigma_15,1.5,19,1.0,0.041666666666666664,-1.906897340324838,-1.5019135303684032,0.4049838099564347,0.4049838099564347
sigma_15,1.5,20,1.0,0.041666666666666664,-0.890612627467727,-1.16903762927353,-0.2784250018058031,0.2784250018058031
sigma_15,1.5,21,1.0,0.041666666666666664,-2.7418571854710025,-3.1179052637195017,-0.3760480782484992,0.3760480782484992
sigma_15,1.5,22,1.0,0.041666666666666664,2.1163033023821924,2.145231429182927,0.02892812680073442,0.02892812680073442
sigma_15,1.5,23,1.0,0.041666666666666664,-2.7081212285118696,-2.608520359977853,0.09960086853401684,0.09960086853401684
sigma_15,1.5,24,1.0,0.041666666666666664,-2.678056378172273,-2.536675322360204,0.14138105581206872,0.14138105581206872
sigma_15,1.5,25,1.0,0.041666666666666664,-2.03397398898196,-2.2677558715291446,-0.23378188254718468,0.23378188254718468
sigma_15,1.5,26,1.0,0.041666666666666664,-1.6148595136234407,-1.622454136955445,-0.0075946233320043355,0.0075946233320043355
sigma_15,1.5,27,1.0,0.041666666666666664,-1.695437153498972,-1.4963045217903148,0.19913263170865725,0.19913263170865725
sigma_15,1.5,28,1.0,0.041666666666666664,-2.028003016275383,-1.8727412195254785,0.15526179674990437,0.15526179674990437
sigma_15,1.5,29,1.0,0.041666666666666664,-0.030364459325114855,0.06871255015797469,0.09907700948308953,0.09907700948308953
sigma_15,1.5,30,1.0,0.041666666666666664,-2.803224138972498,-2.5720597550652387,0.23116438390725946,0.23116438390725946
sigma_15,1.5,31,1.0,0.041666666666666664,-0.19952392135127028,-0.343411350598662,-0.14388742924739173,0.14388742924739173
sigma_15,1.5,32,1.0,0.041666666666666664,-3.0583944924980684,-2.9169027459972714,0.141491746500797,0.141491746500797
sigma_15,1.5,33,1.0,0.041666666666666664,-0.3710999363979661,-0.6687022561337451,-0.297602319735779,0.297602319735779
sigma_15,1.5,34,1.0,0.041666666666666664,1.1630239607516093,1.7704396228467383,0.607415662095129,0.607415662095129
sigma_15,1.5,35,1.0,0.041666666666666664,-1.1059523535665425,-0.797896561804037,0.3080557917625055,0.3080557917625055
sigma_15,1.5,36,1.0,0.041666666666666664,-2.1863348398742475,-1.909130575915351,0.2772042639588965,0.2772042639588965
sigma_15,1.5,37,1.0,0.041666666666666664,-2.351109170968978,-2.069839710325809,0.2812694606431694,0.2812694606431694
sigma_15,1.5,38,1.0,0.041666666666666664,-1.4958705707255975,-1.5266922453255916,-0.030821674599994076,0.030821674599994076
sigma_15,1.5,39,1.0,0.041666666666666664,-0.004627837368672722,-0.38479216417807405,-0.3801643268094013,0.3801643268094013
sigma_15,1.5,40,1.0,0.041666666666666664,-3.720229459938098,-3.7139530419440954,0.006276417994002692,0.006276417994002692
sigma_15,1.5,41,1.0,0.041666666666666664,-1.0569005033578027,-0.949578860219887,0.1073216431379157,0.1073216431379157
sigma_15,1.5,42,1.0,0.041666666666666664,-1.4935421077021773,-1.5280336108487593,-0.034491503146582,0.034491503146582
sigma_15,1.5,43,1.0,0.041666666666666664,-1.4294148735098064,-1.3646306167511375,0.06478425675866895,0.06478425675866895
sigma_15,1.5,44,1.0,0.041666666666666664,-0.7639358960629589,-0.5529619618210758,0.21097393424188304,0.21097393424188304
sigma_15,1.5,45,1.0,0.041666666666666664,0.526065607095962,0.7629121875387371,0.23684658044277518,0.23684658044277518
sigma_15,1.5,46,1.0,0.041666666666666664,-3.5377105822675565,-3.8582760702106267,-0.32056548794307016,0.32056548794307016
sigma_15,1.5,47,1.0,0.041666666666666664,-1.5397308488797197,-1.4945371821492013,0.04519366673051839,0.04519366673051839
sigma_15,1.5,48,1.0,0.041666666666666664,-2.5911515513081786,-2.6030858484021304,-0.011934297093951773,0.011934297093951773
sigma_15,1.5,49,1.0,0.041666666666666664,-2.9958494161102958,-2.8848427131683336,0.11100670294196213,0.11100670294196213
sigma_15,1.5,0,6.0,0.25,-1.4305725102563656,-0.7005620653267182,0.7300104449296474,0.7300104449296474
sigma_15,1.5,1,6.0,0.25,-2.26389314764272,-1.7484427234871824,0.5154504241555378,0.5154504241555378
sigma_15,1.5,2,6.0,0.25,-2.0277296176853246,-3.278131723095817,-1.2504021054104926,1.2504021054104926
sigma_15,1.5,3,6.0,0.25,-3.6911488533918266,-4.576809240125971,-0.8856603867341439,0.8856603867341439
sigma_15,1.5,4,6.0,0.25,-2.5706038990228195,-3.0370519814228554,-0.4664480824000359,0.4664480824000359
sigma_15,1.5,5,6.0,0.25,-1.510670518706967,-2.3229649009187927,-0.8122943822118258,0.8122943822118258
sigma_15,1.5,6,6.0,0.25,-1.6699247331013942,-2.7976944874016683,-1.127769754300274,1.127769754300274
sigma_15,1.5,7,6.0,0.25,-3.6010998771085148,-3.007686351633203,0.5934135254753117,0.5934135254753117
sigma_15,1.5,8,6.0,0.25,-2.805759111004318,-4.7250062352653295,-1.9192471242610116,1.9192471242610116
sigma_15,1.5,9,6.0,0.25,-3.746357579155224,-4.142850339991243,-0.39649276083601936,0.39649276083601936
sigma_15,1.5,10,6.0,0.25,-1.6831714041660895,-1.6647736778518938,0.018397726314195673,0.018397726314195673
sigma_15,1.5,11,6.0,0.25,-3.2135397650014115,-4.258628824864116,-1.045089059862705,1.045089059862705
sigma_15,1.5,12,6.0,0.25,-1.5452339302005866,-1.3311583102712305,0.2140756199293561,0.2140756199293561
sigma_15,1.5,13,6.0,0.25,-2.8240130447245675,-2.2743388759853884,0.5496741687391791,0.5496741687391791
sigma_15,1.5,14,6.0,0.25,-1.0108918250791108,-1.3119138036875573,-0.3010219786084465,0.3010219786084465
sigma_15,1.5,15,6.0,0.25,-1.1424751863067084,-0.6912061438119758,0.45126904249473265,0.45126904249473265
sigma_15,1.5,16,6.0,0.25,-3.6765649212491445,-3.864081703919548,-0.18751678267040361,0.18751678267040361
sigma_15,1.5,17,6.0,0.25,-2.437533350483552,-1.8224256477262797,0.6151077027572724,0.6151077027572724
sigma_15,1.5,18,6.0,0.25,-3.766944899256144,-4.521078998149522,-0.7541340988933785,0.7541340988933785
sigma_15,1.5,19,6.0,0.25,-1.906897340324838,-0.8737848866237932,1.0331124537010448,1.0331124537010448
sigma_15,1.5,20,6.0,0.25,-0.890612627467727,-0.27947851446979205,0.6111341129979349,0.6111341129979349
sigma_15,1.5,21,6.0,0.25,-2.7418571854710025,-1.5519779588461295,1.189879226624873,1.189879226624873
sigma_15,1.5,22,6.0,0.25,2.1163033023821924,2.4203759296535585,0.3040726272713661,0.3040726272713661
sigma_15,1.5,23,6.0,0.25,-2.7081212285118696,-2.457320538752473,0.2508006897593966,0.2508006897593966
sigma_15,1.5,24,6.0,0.25,-2.678056378172273,-4.084696075422274,-1.406639697250001,1.406639697250001
sigma_15,1.5,25,6.0,0.25,-2.03397398898196,-2.194372588001955,-0.1603985990199952,0.1603985990199952
sigma_15,1.5,26,6.0,0.25,-1.6148595136234407,-1.4131908853229609,0.20166862830047982,0.20166862830047982
sigma_15,1.5,27,6.0,0.25,-1.695437153498972,-2.2540726093998966,-0.5586354559009246,0.5586354559009246
sigma_15,1.5,28,6.0,0.25,-2.028003016275383,-1.8975660845203364,0.13043693175504645,0.13043693175504645
sigma_15,1.5,29,6.0,0.25,-0.030364459325114855,0.7483157143892765,0.7786801737143914,0.7786801737143914
sigma_15,1.5,30,6.0,0.25,-2.803224138972498,-2.8105026538027675,-0.0072785148302694225,0.0072785148302694225
sigma_15,1.5,31,6.0,0.25,-0.19952392135127028,-1.0086017664952767,-0.8090778451440064,0.8090778451440064
sigma_15,1.5,32,6.0,0.25,-3.0583944924980684,-3.3897136999738895,-0.3313192074758211,0.3313192074758211
sigma_15,1.5,33,6.0,0.25,-0.3710999363979661,-1.6590046477869789,-1.2879047113890127,1.2879047113890127
sigma_15,1.5,34,6.0,0.25,1.1630239607516093,1.5265421949130047,0.3635182341613954,0.3635182341613954
sigma_15,1.5,35,6.0,0.25,-1.1059523535665425,-1.087979879608656,0.017972473957886592,0.017972473957886592
sigma_15,1.5,36,6.0,0.25,-2.1863348398742475,-1.59069292458602,0.5956419152882275,0.5956419152882275
sigma_15,1.5,37,6.0,0.25,-2.351109170968978,-1.7024825926490308,0.6486265783199474,0.6486265783199474
sigma_15,1.5,38,6.0,0.25,-1.4958705707255975,-1.0055243226572017,0.4903462480683958,0.4903462480683958
sigma_15,1.5,39,6.0,0.25,-0.004627837368672722,-0.13259556127939806,-0.12796772391072533,0.12796772391072533
sigma_15,1.5,40,6.0,0.25,-3.720229459938098,-3.098186215790805,0.6220432441472932,0.6220432441472932
sigma_15,1.5,41,6.0,0.25,-1.0569005033578027,0.3461588608789027,1.4030593642367055,1.4030593642367055
sigma_15,1.5,42,6.0,0.25,-1.4935421077021773,-2.2910236401728263,-0.797481532470649,0.797481532470649
sigma_15,1.5,43,6.0,0.25,-1.4294148735098064,-1.3688876368740086,0.06052723663579784,0.06052723663579784
sigma_15,1.5,44,6.0,0.25,-0.7639358960629589,-0.59442547194114,0.16951042412181883,0.16951042412181883
sigma_15,1.5,45,6.0,0.25,0.526065607095962,1.2165645249777715,0.6904989178818095,0.6904989178818095
sigma_15,1.5,46,6.0,0.25,-3.5377105822675565,-3.688302664209721,-0.15059208194216467,0.15059208194216467
sigma_15,1.5,47,6.0,0.25,-1.5397308488797197,-1.240271128079247,0.29945972080047256,0.29945972080047256
sigma_15,1.5,48,6.0,0.25,-2.5911515513081786,-2.536780279975522,0.05437127133265651,0.05437127133265651
sigma_15,1.5,49,6.0,0.25,-2.9958494161102958,-2.5521263607191265,0.4437230553911693,0.4437230553911693
sigma_15,1.5,0,12.0,0.5,-1.4305725102563656,-0.9452346617365707,0.4853378485197949,0.4853378485197949
sigma_15,1.5,1,12.0,0.5,-2.26389314764272,-2.6575299626369855,-0.3936368149942653,0.3936368149942653
sigma_15,1.5,2,12.0,0.5,-2.0277296176853246,-3.8442502323674783,-1.8165206146821538,1.8165206146821538
sigma_15,1.5,3,12.0,0.5,-3.6911488533918266,-5.1277350780774675,-1.436586224685641,1.436586224685641
sigma_15,1.5,4,12.0,0.5,-2.5706038990228195,-2.014431985139521,0.5561719138832983,0.5561719138832983
sigma_15,1.5,5,12.0,0.5,-1.510670518706967,-2.390871222759358,-0.8802007040523909,0.8802007040523909
sigma_15,1.5,6,12.0,0.5,-1.6699247331013942,-2.4094423094016335,-0.7395175763002393,0.7395175763002393
sigma_15,1.5,7,12.0,0.5,-3.6010998771085148,-3.0740309939583152,0.5270688831501995,0.5270688831501995
sigma_15,1.5,8,12.0,0.5,-2.805759111004318,-3.8014960972301433,-0.9957369862258254,0.9957369862258254
sigma_15,1.5,9,12.0,0.5,-3.746357579155224,-4.178492182814902,-0.43213460365967826,0.43213460365967826
sigma_15,1.5,10,12.0,0.5,-1.6831714041660895,-1.42334537254643,0.25982603161965945,0.25982603161965945
sigma_15,1.5,11,12.0,0.5,-3.2135397650014115,-3.586912281001829,-0.3733725160004173,0.3733725160004173
sigma_15,1.5,12,12.0,0.5,-1.5452339302005866,-2.2066174567289907,-0.661383526528404,0.661383526528404
sigma_15,1.5,13,12.0,0.5,-2.8240130447245675,-2.184859740054499,0.6391533046700686,0.6391533046700686
sigma_15,1.5,14,12.0,0.5,-1.0108918250791108,-2.593418834461062,-1.582527009381951,1.582527009381951
sigma_15,1.5,15,12.0,0.5,-1.1424751863067084,0.22733641953388517,1.3698116058405936,1.3698116058405936
sigma_15,1.5,16,12.0,0.5,-3.6765649212491445,-4.5409842132890255,-0.864419292039881,0.864419292039881
sigma_15,1.5,17,12.0,0.5,-2.437533350483552,-1.6401758701104936,0.7973574803730585,0.7973574803730585
sigma_15,1.5,18,12.0,0.5,-3.766944899256144,-4.5072839401173646,-0.7403390408612207,0.7403390408612207
sigma_15,1.5,19,12.0,0.5,-1.906897340324838,-2.017610129324618,-0.1107127889997801,0.1107127889997801
sigma_15,1.5,20,12.0,0.5,-0.890612627467727,0.42814458122211396,1.318757208689841,1.318757208689841
sigma_15,1.5,21,12.0,0.5,-2.7418571854710025,-0.49088223090074523,2.2509749545702573,2.2509749545702573
sigma_15,1.5,22,12.0,0.5,2.1163033023821924,3.088668273079901,0.9723649706977087,0.9723649706977087
sigma_15,1.5,23,12.0,0.5,-2.7081212285118696,-2.476426442902373,0.23169478560949663,0.23169478560949663
sigma_15,1.5,24,12.0,0.5,-2.678056378172273,-3.981592891236225,-1.303536513063952,1.303536513063952
sigma_15,1.5,25,12.0,0.5,-2.03397398898196,-2.311157480711022,-0.27718349172906187,0.27718349172906187
sigma_15,1.5,26,12.0,0.5,-1.6148595136234407,-2.8984639098289424,-1.2836043962055017,1.2836043962055017
sigma_15,1.5,27,12.0,0.5,-1.695437153498972,-1.0028305199399774,0.6926066335589947,0.6926066335589947
sigma_15,1.5,28,12.0,0.5,-2.028003016275383,-2.043449581203361,-0.015446564927978024,0.015446564927978024
sigma_15,1.5,29,12.0,0.5,-0.030364459325114855,1.5343313443933793,1.5646958037184941,1.5646958037184941
sigma_15,1.5,30,12.0,0.5,-2.803224138972498,-1.9905937090214414,0.8126304299510567,0.8126304299510567
sigma_15,1.5,31,12.0,0.5,-0.19952392135127028,-0.4791205555520517,-0.2795966342007814,0.2795966342007814
sigma_15,1.5,32,12.0,0.5,-3.0583944924980684,-3.7059053198846303,-0.647510827386562,0.647510827386562
sigma_15,1.5,33,12.0,0.5,-0.3710999363979661,-1.5377648344809747,-1.1666648980830086,1.1666648980830086
sigma_15,1.5,34,12.0,0.5,1.1630239607516093,1.4080761333138214,0.24505217256221212,0.24505217256221212
sigma_15,1.5,35,12.0,0.5,-1.1059523535665425,-1.1164875280685136,-0.010535174501971056,0.010535174501971056
sigma_15,1.5,36,12.0,0.5,-2.1863348398742475,-1.968707881655088,0.21762695821915945,0.21762695821915945
sigma_15,1.5,37,12.0,0.5,-2.351109170968978,-1.5888830494447876,0.7622261215241906,0.7622261215241906
sigma_15,1.5,38,12.0,0.5,-1.4958705707255975,-1.1674908318323711,0.32837973889322636,0.32837973889322636
sigma_15,1.5,39,12.0,0.5,-0.004627837368672722,0.7502735265898223,0.7549013639584949,0.7549013639584949
sigma_15,1.5,40,12.0,0.5,-3.720229459938098,-3.3693506150339063,0.35087884490419174,0.35087884490419174
sigma_15,1.5,41,12.0,0.5,-1.0569005033578027,-0.887997161730119,0.16890334162768372,0.16890334162768372
sigma_15,1.5,42,12.0,0.5,-1.4935421077021773,-0.9276600011004573,0.56588210660172,0.56588210660172
sigma_15,1.5,43,12.0,0.5,-1.4294148735098064,-0.7605551180758979,0.6688597554339085,0.6688597554339085
sigma_15,1.5,44,12.0,0.5,-0.7639358960629589,-0.25968835594623485,0.504247540116724,0.504247540116724
sigma_15,1.5,45,12.0,0.5,0.526065607095962,1.3443670609798106,0.8183014538838487,0.8183014538838487
sigma_15,1.5,46,12.0,0.5,-3.5377105822675565,-4.452626828068018,-0.9149162458004616,0.9149162458004616
sigma_15,1.5,47,12.0,0.5,-1.5397308488797197,-0.04906194581930711,1.4906689030604126,1.4906689030604126
sigma_15,1.5,48,12.0,0.5,-2.5911515513081786,-1.8917552947606886,0.69939625654749,0.69939625654749
sigma_15,1.5,49,12.0,0.5,-2.9958494161102958,-2.7149691412356276,0.28088027487466816,0.28088027487466816
sigma_15,1.5,0,24.0,1.0,-1.4305725102563656,-1.9435717843253153,-0.5129992740689497,0.5129992740689497
sigma_15,1.5,1,24.0,1.0,-2.26389314764272,-4.020039157299864,-1.7561460096571442,1.7561460096571442
sigma_15,1.5,2,24.0,1.0,-2.0277296176853246,-3.470504153557181,-1.4427745358718562,1.4427745358718562
sigma_15,1.5,3,24.0,1.0,-3.6911488533918266,-6.174495163596861,-2.483346310205034,2.483346310205034
sigma_15,1.5,4,24.0,1.0,-2.5706038990228195,-1.8513233318584221,0.7192805671643974,0.7192805671643974
sigma_15,1.5,5,24.0,1.0,-1.510670518706967,-1.2527679373304623,0.25790258137650457,0.25790258137650457
sigma_15,1.5,6,24.0,1.0,-1.6699247331013942,-3.3203860180253244,-1.6504612849239302,1.6504612849239302
sigma_15,1.5,7,24.0,1.0,-3.6010998771085148,-3.2698016717869836,0.3312982053215312,0.3312982053215312
sigma_15,1.5,8,24.0,1.0,-2.805759111004318,-4.708840024746854,-1.903080913742536,1.903080913742536
sigma_15,1.5,9,24.0,1.0,-3.746357579155224,-3.8621666968560127,-0.11580911770078872,0.11580911770078872
sigma_15,1.5,10,24.0,1.0,-1.6831714041660895,-1.5577214056394295,0.12544999852665994,0.12544999852665994
sigma_15,1.5,11,24.0,1.0,-3.2135397650014115,-4.005164009093479,-0.7916242440920671,0.7916242440920671
sigma_15,1.5,12,24.0,1.0,-1.5452339302005866,-1.0567106748006512,0.48852325539993546,0.48852325539993546
sigma_15,1.5,13,24.0,1.0,-2.8240130447245675,-2.6141212086999115,0.209891836024656,0.209891836024656
sigma_15,1.5,14,24.0,1.0,-1.0108918250791108,-2.7191032916433904,-1.7082114665642796,1.7082114665642796
sigma_15,1.5,15,24.0,1.0,-1.1424751863067084,-0.1575546309858905,0.9849205553208179,0.9849205553208179
sigma_15,1.5,16,24.0,1.0,-3.6765649212491445,-3.786682558154921,-0.11011763690577636,0.11011763690577636
sigma_15,1.5,17,24.0,1.0,-2.437533350483552,-1.9681266391308077,0.4694067113527445,0.4694067113527445
sigma_15,1.5,18,24.0,1.0,-3.766944899256144,-4.251827739698795,-0.4848828404426513,0.4848828404426513
sigma_15,1.5,19,24.0,1.0,-1.906897340324838,-1.1746243700225467,0.7322729703022912,0.7322729703022912
sigma_15,1.5,20,24.0,1.0,-0.890612627467727,0.7308969507551613,1.6215095782228883,1.6215095782228883
sigma_15,1.5,21,24.0,1.0,-2.7418571854710025,-2.788107632242271,-0.04625044677126855,0.04625044677126855
sigma_15,1.5,22,24.0,1.0,2.1163033023821924,2.746005243545909,0.6297019411637166,0.6297019411637166
sigma_15,1.5,23,24.0,1.0,-2.7081212285118696,-0.6915207185298717,2.016600509981998,2.016600509981998
sigma_15,1.5,24,24.0,1.0,-2.678056378172273,-4.274374784530841,-1.5963184063585683,1.5963184063585683
sigma_15,1.5,25,24.0,1.0,-2.03397398898196,-1.9147412582204897,0.11923273076147023,0.11923273076147023
sigma_15,1.5,26,24.0,1.0,-1.6148595136234407,-3.4305054121291128,-1.815645898505672,1.815645898505672
sigma_15,1.5,27,24.0,1.0,-1.695437153498972,-0.9741204703708043,0.7213166831281678,0.7213166831281678
sigma_15,1.5,28,24.0,1.0,-2.028003016275383,0.09183424811098057,2.1198372643863634,2.1198372643863634
sigma_15,1.5,29,24.0,1.0,-0.030364459325114855,0.2832742821602175,0.31363874148533233,0.31363874148533233
sigma_15,1.5,30,24.0,1.0,-2.803224138972498,-1.4060225963464068,1.3972015426260913,1.3972015426260913
sigma_15,1.5,31,24.0,1.0,-0.19952392135127028,-1.1056934043356819,-0.9061694829844116,0.9061694829844116
sigma_15,1.5,32,24.0,1.0,-3.0583944924980684,-1.8811824848073935,1.177212007690675,1.177212007690675
sigma_15,1.5,33,24.0,1.0,-0.3710999363979661,-2.040821340941151,-1.669721404543185,1.669721404543185
sigma_15,1.5,34,24.0,1.0,1.1630239607516093,0.2360538499066574,-0.926970110844952,0.926970110844952
sigma_15,1.5,35,24.0,1.0,-1.1059523535665425,-0.36436070240775303,0.7415916511587894,0.7415916511587894
sigma_15,1.5,36,24.0,1.0,-2.1863348398742475,-2.623628708507458,-0.4372938686332106,0.4372938686332106
sigma_15,1.5,37,24.0,1.0,-2.351109170968978,-3.550537114633664,-1.199427943664686,1.199427943664686
sigma_15,1.5,38,24.0,1.0,-1.4958705707255975,-1.2698278792413282,0.22604269148426925,0.22604269148426925
sigma_15,1.5,39,24.0,1.0,-0.004627837368672722,2.1196558528112774,2.1242836901799502,2.1242836901799502
sigma_15,1.5,40,24.0,1.0,-3.720229459938098,-5.980954521426326,-2.2607250614882277,2.2607250614882277
sigma_15,1.5,41,24.0,1.0,-1.0569005033578027,-1.22696119519053,-0.1700606918327272,0.1700606918327272
sigma_15,1.5,42,24.0,1.0,-1.4935421077021773,-1.202347733523679,0.29119437417849836,0.29119437417849836
sigma_15,1.5,43,24.0,1.0,-1.4294148735098064,-1.1211341543162219,0.3082807191935846,0.3082807191935846
sigma_15,1.5,44,24.0,1.0,-0.7639358960629589,-0.9308701576377411,-0.1669342615747822,0.1669342615747822
sigma_15,1.5,45,24.0,1.0,0.526065607095962,2.601331431225498,2.075265824129536,2.075265824129536
sigma_15,1.5,46,24.0,1.0,-3.5377105822675565,-4.313352344789107,-0.7756417625215501,0.7756417625215501
sigma_15,1.5,47,24.0,1.0,-1.5397308488797197,-1.1232450230311393,0.4164858258485804,0.4164858258485804
sigma_15,1.5,48,24.0,1.0,-2.5911515513081786,-3.264593068703234,-0.6734415173950552,0.6734415173950552
sigma_15,1.5,49,24.0,1.0,-2.9958494161102958,-3.4328661542595906,-0.43701673814929487,0.43701673814929487
sigma_15,1.5,0,48.0,2.0,-1.4305725102563656,-1.6584149478669559,-0.2278424376105903,0.2278424376105903
sigma_15,1.5,1,48.0,2.0,-2.26389314764272,-2.0959855321125627,0.16790761553015754,0.16790761553015754
sigma_15,1.5,2,48.0,2.0,-2.0277296176853246,-3.5521350559913247,-1.5244054383060002,1.5244054383060002
sigma_15,1.5,3,48.0,2.0,-3.6911488533918266,-10.689885229760746,-6.998736376368919,6.998736376368919
sigma_15,1.5,4,48.0,2.0,-2.5706038990228195,-0.4334693462645495,2.13713455275827,2.13713455275827
sigma_15,1.5,5,48.0,2.0,-1.510670518706967,1.2021037234115985,2.7127742421185657,2.7127742421185657
sigma_15,1.5,6,48.0,2.0,-1.6699247331013942,-5.94433337098944,-4.274408637888046,4.274408637888046
sigma_15,1.5,7,48.0,2.0,-3.6010998771085148,-3.992873729154548,-0.39177385204603343,0.39177385204603343
sigma_15,1.5,8,48.0,2.0,-2.805759111004318,-5.634568009840148,-2.82880889883583,2.82880889883583
sigma_15,1.5,9,48.0,2.0,-3.746357579155224,-0.8359839537009439,2.9103736254542802,2.9103736254542802
sigma_15,1.5,10,48.0,2.0,-1.6831714041660895,-0.35735597512743217,1.3258154290386572,1.3258154290386572
sigma_15,1.5,11,48.0,2.0,-3.2135397650014115,-1.598423151770679,1.6151166132307324,1.6151166132307324
sigma_15,1.5,12,48.0,2.0,-1.5452339302005866,-2.2360352071744556,-0.690801276973869,0.690801276973869
sigma_15,1.5,13,48.0,2.0,-2.8240130447245675,-2.6629804040891933,0.16103264063537415,0.16103264063537415
sigma_15,1.5,14,48.0,2.0,-1.0108918250791108,-1.767488178877752,-0.7565963537986411,0.7565963537986411
sigma_15,1.5,15,48.0,2.0,-1.1424751863067084,-1.0999642209093141,0.042510965397394296,0.042510965397394296
sigma_15,1.5,16,48.0,2.0,-3.6765649212491445,-7.019457119558336,-3.3428921983091913,3.3428921983091913
sigma_15,1.5,17,48.0,2.0,-2.437533350483552,-4.355052549666054,-1.9175191991825016,1.9175191991825016
sigma_15,1.5,18,48.0,2.0,-3.766944899256144,-3.277405863700203,0.489539035555941,0.489539035555941
sigma_15,1.5,19,48.0,2.0,-1.906897340324838,-1.7963432481546837,0.11055409217015422,0.11055409217015422
sigma_15,1.5,20,48.0,2.0,-0.890612627467727,0.09823597420886328,0.9888486016765903,0.9888486016765903
sigma_15,1.5,21,48.0,2.0,-2.7418571854710025,-5.487332105847939,-2.745474920376936,2.745474920376936
sigma_15,1.5,22,48.0,2.0,2.1163033023821924,2.9101466400763556,0.7938433376941632,0.7938433376941632
sigma_15,1.5,23,48.0,2.0,-2.7081212285118696,0.3746785071238912,3.082799735635761,3.082799735635761
sigma_15,1.5,24,48.0,2.0,-2.678056378172273,-6.236002146760715,-3.557945768588442,3.557945768588442
sigma_15,1.5,25,48.0,2.0,-2.03397398898196,-4.719922374317977,-2.685948385336017,2.685948385336017
sigma_15,1.5,26,48.0,2.0,-1.6148595136234407,-0.40769302649727857,1.207166487126162,1.207166487126162
sigma_15,1.5,27,48.0,2.0,-1.695437153498972,-0.5122982139352179,1.1831389395637542,1.1831389395637542
sigma_15,1.5,28,48.0,2.0,-2.028003016275383,0.23773950711102446,2.2657425233864075,2.2657425233864075
sigma_15,1.5,29,48.0,2.0,-0.030364459325114855,1.4790357741523952,1.50940023347751,1.50940023347751
sigma_15,1.5,30,48.0,2.0,-2.803224138972498,-2.126104501738384,0.6771196372341142,0.6771196372341142
sigma_15,1.5,31,48.0,2.0,-0.19952392135127028,-1.2283693245039276,-1.0288454031526573,1.0288454031526573
sigma_15,1.5,32,48.0,2.0,-3.0583944924980684,-2.266108196534,0.7922862959640682,0.7922862959640682
sigma_15,1.5,33,48.0,2.0,-0.3710999363979661,-0.6582641650037079,-0.28716422860574176,0.28716422860574176
sigma_15,1.5,34,48.0,2.0,1.1630239607516093,-1.3721802325321952,-2.5352041932838043,2.5352041932838043
sigma_15,1.5,35,48.0,2.0,-1.1059523535665425,-0.22620562192411914,0.8797467316424235,0.8797467316424235
sigma_15,1.5,36,48.0,2.0,-2.1863348398742475,-2.8333502409485836,-0.6470154010743361,0.6470154010743361
sigma_15,1.5,37,48.0,2.0,-2.351109170968978,-4.39564173785658,-2.0445325668876015,2.0445325668876015
sigma_15,1.5,38,48.0,2.0,-1.4958705707255975,-0.6891952768805008,0.8066752938450967,0.8066752938450967
sigma_15,1.5,39,48.0,2.0,-0.004627837368672722,2.9364612541672996,2.9410890915359724,2.9410890915359724
sigma_15,1.5,40,48.0,2.0,-3.720229459938098,-8.29643539745524,-4.576205937517141,4.576205937517141
sigma_15,1.5,41,48.0,2.0,-1.0569005033578027,-2.1670729348012947,-1.110172431443492,1.110172431443492
sigma_15,1.5,42,48.0,2.0,-1.4935421077021773,-1.0147427910653797,0.47879931663679764,0.47879931663679764
sigma_15,1.5,43,48.0,2.0,-1.4294148735098064,-1.3758131532212143,0.053601720288592114,0.053601720288592114
sigma_15,1.5,44,48.0,2.0,-0.7639358960629589,-2.5020273578827195,-1.7380914618197605,1.7380914618197605
sigma_15,1.5,45,48.0,2.0,0.526065607095962,2.3821810854796444,1.8561154783836824,1.8561154783836824
sigma_15,1.5,46,48.0,2.0,-3.5377105822675565,-3.1512226631805906,0.3864879190869659,0.3864879190869659
sigma_15,1.5,47,48.0,2.0,-1.5397308488797197,-3.0597078853102735,-1.5199770364305538,1.5199770364305538
sigma_15,1.5,48,48.0,2.0,-2.5911515513081786,-4.525858935942949,-1.9347073846347707,1.9347073846347707
sigma_15,1.5,49,48.0,2.0,-2.9958494161102958,-3.049123219033067,-0.053273802922771285,0.053273802922771285
sigma_15,1.5,0,72.0,3.0,-1.4305725102563656,-1.98500834370553,-0.5544358334491644,0.5544358334491644
sigma_15,1.5,1,72.0,3.0,-2.26389314764272,-1.8152865781068195,0.4486065695359007,0.4486065695359007
sigma_15,1.5,2,72.0,3.0,-2.0277296176853246,-5.059278345991434,-3.031548728306109,3.031548728306109
sigma_15,1.5,3,72.0,3.0,-3.6911488533918266,-11.008947441365809,-7.317798587973982,7.317798587973982
sigma_15,1.5,4,72.0,3.0,-2.5706038990228195,-0.6720333147853499,1.8985705842374696,1.8985705842374696
sigma_15,1.5,5,72.0,3.0,-1.510670518706967,1.4636884633096732,2.97435898201664,2.97435898201664
sigma_15,1.5,6,72.0,3.0,-1.6699247331013942,-6.301731384457458,-4.631806651356063,4.631806651356063
sigma_15,1.5,7,72.0,3.0,-3.6010998771085148,-1.0588947836903828,2.542205093418132,2.542205093418132
sigma_15,1.5,8,72.0,3.0,-2.805759111004318,-6.00685213697562,-3.2010930259713017,3.2010930259713017
sigma_15,1.5,9,72.0,3.0,-3.746357579155224,-0.09149174669719974,3.6548658324580243,3.6548658324580243
sigma_15,1.5,10,72.0,3.0,-1.6831714041660895,-0.11314068308070521,1.5700307210853843,1.5700307210853843
sigma_15,1.5,11,72.0,3.0,-3.2135397650014115,-2.8696627272376114,0.3438770377638001,0.3438770377638001
sigma_15,1.5,12,72.0,3.0,-1.5452339302005866,-2.117799139903363,-0.5725652097027762,0.5725652097027762
sigma_15,1.5,13,72.0,3.0,-2.8240130447245675,-2.4414775123225514,0.3825355324020161,0.3825355324020161
sigma_15,1.5,14,72.0,3.0,-1.0108918250791108,0.25232340625783745,1.2632152313369482,1.2632152313369482
sigma_15,1.5,15,72.0,3.0,-1.1424751863067084,-1.6058546090279817,-0.4633794227212733,0.4633794227212733
sigma_15,1.5,16,72.0,3.0,-3.6765649212491445,-5.901439862296035,-2.224874941046891,2.224874941046891
sigma_15,1.5,17,72.0,3.0,-2.437533350483552,-6.220947925900283,-3.783414575416731,3.783414575416731
sigma_15,1.5,18,72.0,3.0,-3.766944899256144,-2.899170119615551,0.8677747796405928,0.8677747796405928
sigma_15,1.5,19,72.0,3.0,-1.906897340324838,-0.9007991582248415,1.0060981820999966,1.0060981820999966
sigma_15,1.5,20,72.0,3.0,-0.890612627467727,2.421469383376973,3.3120820108447,3.3120820108447
sigma_15,1.5,21,72.0,3.0,-2.7418571854710025,-4.162928852607919,-1.4210716671369168,1.4210716671369168
sigma_15,1.5,22,72.0,3.0,2.1163033023821924,5.3365061639439775,3.220202861561785,3.220202861561785
sigma_15,1.5,23,72.0,3.0,-2.7081212285118696,0.9392168073688889,3.6473380358807583,3.6473380358807583
sigma_15,1.5,24,72.0,3.0,-2.678056378172273,-8.248774855950016,-5.570718477777743,5.570718477777743
sigma_15,1.5,25,72.0,3.0,-2.03397398898196,-3.7616925974243443,-1.7277186084423843,1.7277186084423843
sigma_15,1.5,26,72.0,3.0,-1.6148595136234407,1.7566348667737528,3.3714943803971935,3.3714943803971935
sigma_15,1.5,27,72.0,3.0,-1.695437153498972,0.27080594017045473,1.9662430936694268,1.9662430936694268
sigma_15,1.5,28,72.0,3.0,-2.028003016275383,-0.4696335808044499,1.558369435470933,1.558369435470933
sigma_15,1.5,29,72.0,3.0,-0.030364459325114855,1.9998749943320093,2.030239453657124,2.030239453657124
sigma_15,1.5,30,72.0,3.0,-2.803224138972498,-1.6169846553916714,1.1862394835808268,1.1862394835808268
sigma_15,1.5,31,72.0,3.0,-0.19952392135127028,-0.7478088379259565,-0.5482849165746863,0.5482849165746863
sigma_15,1.5,32,72.0,3.0,-3.0583944924980684,-0.4236080629974176,2.6347864295006507,2.6347864295006507
sigma_15,1.5,33,72.0,3.0,-0.3710999363979661,-2.425164638709008,-2.0540647023110417,2.0540647023110417
sigma_15,1.5,34,72.0,3.0,1.1630239607516093,-0.41662906324402177,-1.579653023995631,1.579653023995631
sigma_15,1.5,35,72.0,3.0,-1.1059523535665425,-3.5645469390406124,-2.45859458547407,2.45859458547407
sigma_15,1.5,36,72.0,3.0,-2.1863348398742475,-2.0060303616138357,0.18030447826041174,0.18030447826041174
sigma_15,1.5,37,72.0,3.0,-2.351109170968978,-6.353074375853767,-4.0019652048847885,4.0019652048847885
sigma_15,1.5,38,72.0,3.0,-1.4958705707255975,0.3374436096200859,1.8333141803456834,1.8333141803456834
sigma_15,1.5,39,72.0,3.0,-0.004627837368672722,0.5354492215715987,0.5400770589402714,0.5400770589402714
sigma_15,1.5,40,72.0,3.0,-3.720229459938098,-11.967765844646374,-8.247536384708276,8.247536384708276
sigma_15,1.5,41,72.0,3.0,-1.0569005033578027,-2.7606228506088994,-1.7037223472510967,1.7037223472510967
sigma_15,1.5,42,72.0,3.0,-1.4935421077021773,-3.8589048152753413,-2.365362707573164,2.365362707573164
sigma_15,1.5,43,72.0,3.0,-1.4294148735098064,-1.9183487411280062,-0.4889338676181998,0.4889338676181998
sigma_15,1.5,44,72.0,3.0,-0.7639358960629589,-2.35610393044571,-1.592168034382751,1.592168034382751
sigma_15,1.5,45,72.0,3.0,0.526065607095962,1.7055195685199875,1.1794539614240256,1.1794539614240256
sigma_15,1.5,46,72.0,3.0,-3.5377105822675565,-3.1879497872960543,0.34976079497150225,0.34976079497150225
sigma_15,1.5,47,72.0,3.0,-1.5397308488797197,-2.8845723779299255,-1.3448415290502058,1.3448415290502058
sigma_15,1.5,48,72.0,3.0,-2.5911515513081786,-2.9494593298675476,-0.3583077785593689,0.3583077785593689
sigma_15,1.5,49,72.0,3.0,-2.9958494161102958,-3.3355561864318997,-0.3397067703216039,0.3397067703216039
sigma_25,2.5,0,1.0,0.041666666666666664,-2.131534969081983,-1.044197561460242,1.087337407621741,1.087337407621741
sigma_25,2.5,1,1.0,0.041666666666666664,-2.3430443356578308,-2.9044940593404207,-0.5614497236825899,0.5614497236825899
sigma_25,2.5,2,1.0,0.041666666666666664,-3.352414517648461,-3.2595600765034414,0.09285444114501962,0.09285444114501962
sigma_25,2.5,3,1.0,0.041666666666666664,-3.514781722872706,-3.099593631604112,0.4151880912685937,0.4151880912685937
sigma_25,2.5,4,1.0,0.041666666666666664,-1.4593321275975901,-1.4402143690939895,0.019117758503600646,0.019117758503600646
sigma_25,2.5,5,1.0,0.041666666666666664,-0.6881703317548864,-0.4290138844687649,0.2591564472861215,0.2591564472861215
sigma_25,2.5,6,1.0,0.041666666666666664,-1.2458127593166433,-0.2810744788766716,0.9647382804399717,0.9647382804399717
sigma_25,2.5,7,1.0,0.041666666666666664,-2.81388040162388,-2.363180841434316,0.45069956018956425,0.45069956018956425
sigma_25,2.5,8,1.0,0.041666666666666664,-2.059191505324943,-2.298390132979846,-0.23919862765490318,0.23919862765490318
sigma_25,2.5,9,1.0,0.041666666666666664,-2.21103973966501,-2.456288186602074,-0.24524844693706394,0.24524844693706394
sigma_25,2.5,10,1.0,0.041666666666666664,-2.4582149107507587,-1.9400358391664074,0.5181790715843513,0.5181790715843513
sigma_25,2.5,11,1.0,0.041666666666666664,-1.7129181071782709,-1.3375097804858396,0.3754083266924313,0.3754083266924313
sigma_25,2.5,12,1.0,0.041666666666666664,-3.6493199594233685,-3.384359926345652,0.26496003307771643,0.26496003307771643
sigma_25,2.5,13,1.0,0.041666666666666664,-2.6592901103704665,-2.392831132938542,0.26645897743192437,0.26645897743192437
sigma_25,2.5,14,1.0,0.041666666666666664,0.8302997282548906,1.8287168732560277,0.9984171450011371,0.9984171450011371
sigma_25,2.5,15,1.0,0.041666666666666664,-2.8221233356295445,-3.561035053539981,-0.7389117179104363,0.7389117179104363
sigma_25,2.5,16,1.0,0.041666666666666664,-1.9284216513076191,-2.5109505349235297,-0.5825288836159106,0.5825288836159106
sigma_25,2.5,17,1.0,0.041666666666666664,-1.5274630216115763,-1.458337131698076,0.06912588991350033,0.06912588991350033
sigma_25,2.5,18,1.0,0.041666666666666664,-1.9554537009605502,-2.7678150831029393,-0.8123613821423892,0.8123613821423892
sigma_25,2.5,19,1.0,0.041666666666666664,-1.212462642356276,-1.9679447664905572,-0.7554821241342811,0.7554821241342811
sigma_25,2.5,20,1.0,0.041666666666666664,-2.438726206000769,-2.596098437768627,-0.1573722317678583,0.1573722317678583
sigma_25,2.5,21,1.0,0.041666666666666664,-1.0562263201459998,-1.698976955113994,-0.6427506349679941,0.6427506349679941
sigma_25,2.5,22,1.0,0.041666666666666664,-2.4803916101151455,-3.107455997432364,-0.6270643873172186,0.6270643873172186
sigma_25,2.5,23,1.0,0.041666666666666664,-2.721754461258497,-3.120808421130839,-0.39905395987234193,0.39905395987234193
sigma_25,2.5,24,1.0,0.041666666666666664,-1.9189676333605916,-2.0539669671298375,-0.1349993337692459,0.1349993337692459
sigma_25,2.5,25,1.0,0.041666666666666664,-0.124550868168618,-0.12571127805238216,-0.0011604098837641602,0.0011604098837641602
sigma_25,2.5,26,1.0,0.041666666666666664,-3.7795823380893947,-3.636404768033023,0.14317757005637155,0.14317757005637155
sigma_25,2.5,27,1.0,0.041666666666666664,-1.2573479969703008,-1.2179293497457828,0.03941864722451793,0.03941864722451793
sigma_25,2.5,28,1.0,0.041666666666666664,-0.5072893398189353,-0.4818680806968957,0.02542125912203963,0.02542125912203963
sigma_25,2.5,29,1.0,0.041666666666666664,-0.23120199741113723,0.2878964042251433,0.5190984016362805,0.5190984016362805
sigma_25,2.5,30,1.0,0.041666666666666664,-1.856641576004354,-1.765533210498307,0.09110836550604695,0.09110836550604695
sigma_25,2.5,31,1.0,0.041666666666666664,-2.272633517227183,-2.818091319023915,-0.545457801796732,0.545457801796732
sigma_25,2.5,32,1.0,0.041666666666666664,-0.7047723836850055,-0.7268359680419668,-0.02206358435696132,0.02206358435696132
sigma_25,2.5,33,1.0,0.041666666666666664,-3.400486039585437,-3.052262528804635,0.34822351078080205,0.34822351078080205
sigma_25,2.5,34,1.0,0.041666666666666664,-3.5275659708198774,-3.1063893302468806,0.42117664057299686,0.42117664057299686
sigma_25,2.5,35,1.0,0.041666666666666664,-2.590960339998371,-3.599419214060795,-1.0084588740624238,1.0084588740624238
sigma_25,2.5,36,1.0,0.041666666666666664,-0.25079274754078273,-0.8277769343394286,-0.5769841867986458,0.5769841867986458
sigma_25,2.5,37,1.0,0.041666666666666664,-1.5835238386222321,-1.209387536703535,0.3741363019186972,0.3741363019186972
sigma_25,2.5,38,1.0,0.041666666666666664,-2.0507675961755485,-1.544886582245347,0.5058810139302015,0.5058810139302015
sigma_25,2.5,39,1.0,0.041666666666666664,-1.5026181945072838,-1.1287085451610868,0.3739096493461971,0.3739096493461971
sigma_25,2.5,40,1.0,0.041666666666666664,-2.3800370645194873,-2.1606579426599755,0.2193791218595118,0.2193791218595118
sigma_25,2.5,41,1.0,0.041666666666666664,-1.4734140224233199,-0.5071863717053491,0.9662276507179708,0.9662276507179708
sigma_25,2.5,42,1.0,0.041666666666666664,-3.302802090941577,-3.12607562418824,0.17672646675333725,0.17672646675333725
sigma_25,2.5,43,1.0,0.041666666666666664,-2.270675873679864,-2.8667993770897193,-0.5961235034098555,0.5961235034098555
sigma_25,2.5,44,1.0,0.041666666666666664,-2.243782174848114,-2.6897234183880774,-0.44594124353996323,0.44594124353996323
sigma_25,2.5,45,1.0,0.041666666666666664,-1.3577861925888843,-1.0877669746163852,0.27001921797249917,0.27001921797249917
sigma_25,2.5,46,1.0,0.041666666666666664,-2.286466192454625,-1.510235740189152,0.776230452265473,0.776230452265473
sigma_25,2.5,47,1.0,0.041666666666666664,-2.4924133693363286,-1.9777372780598361,0.5146760912764925,0.5146760912764925
sigma_25,2.5,48,1.0,0.041666666666666664,-2.437712748934273,-3.033115002275037,-0.5954022533407639,0.5954022533407639
sigma_25,2.5,49,1.0,0.041666666666666664,-0.3757857697259496,0.30116792726208647,0.6769536969880361,0.6769536969880361
sigma_25,2.5,0,6.0,0.25,-2.131534969081983,-2.1226559066915214,0.008879062390461545,0.008879062390461545
sigma_25,2.5,1,6.0,0.25,-2.3430443356578308,-3.7333203278695253,-1.3902759922116945,1.3902759922116945
sigma_25,2.5,2,6.0,0.25,-3.352414517648461,-3.1597335523724066,0.19268096527605438,0.19268096527605438
sigma_25,2.5,3,6.0,0.25,-3.514781722872706,-1.6013344936853697,1.9134472291873361,1.9134472291873361
sigma_25,2.5,4,6.0,0.25,-1.4593321275975901,-1.640509811386086,-0.18117768378849597,0.18117768378849597
sigma_25,2.5,5,6.0,0.25,-0.6881703317548864,-0.5540553438971676,0.1341149878577188,0.1341149878577188
sigma_25,2.5,6,6.0,0.25,-1.2458127593166433,1.1158329570317997,2.361645716348443,2.361645716348443
sigma_25,2.5,7,6.0,0.25,-2.81388040162388,-3.069594053001658,-0.255713651377778,0.255713651377778
sigma_25,2.5,8,6.0,0.25,-2.059191505324943,-3.7307336012667216,-1.6715420959417786,1.6715420959417786
sigma_25,2.5,9,6.0,0.25,-2.21103973966501,-2.960866040469436,-0.7498263008044259,0.7498263008044259
sigma_25,2.5,10,6.0,0.25,-2.4582149107507587,-1.6349676776723125,0.8232472330784462,0.8232472330784462
sigma_25,2.5,11,6.0,0.25,-1.7129181071782709,-1.7988625746262223,-0.08594446744795148,0.08594446744795148
sigma_25,2.5,12,6.0,0.25,-3.6493199594233685,-3.775722201369954,-0.12640224194658556,0.12640224194658556
sigma_25,2.5,13,6.0,0.25,-2.6592901103704665,-3.758131255327161,-1.0988411449566944,1.0988411449566944
sigma_25,2.5,14,6.0,0.25,0.8302997282548906,3.7255292416721373,2.8952295134172465,2.8952295134172465
sigma_25,2.5,15,6.0,0.25,-2.8221233356295445,-3.602942288302856,-0.7808189526733114,0.7808189526733114
sigma_25,2.5,16,6.0,0.25,-1.9284216513076191,-2.13415397051225,-0.20573231920463098,0.20573231920463098
sigma_25,2.5,17,6.0,0.25,-1.5274630216115763,-0.06557803324371973,1.4618849883678566,1.4618849883678566
sigma_25,2.5,18,6.0,0.25,-1.9554537009605502,-3.289941891631844,-1.334488190671294,1.334488190671294
sigma_25,2.5,19,6.0,0.25,-1.212462642356276,-1.849715799708749,-0.6372531573524729,0.6372531573524729
sigma_25,2.5,20,6.0,0.25,-2.438726206000769,-2.680782767891918,-0.242056561891149,0.242056561891149
sigma_25,2.5,21,6.0,0.25,-1.0562263201459998,-1.2653632604086509,-0.20913694026265106,0.20913694026265106
sigma_25,2.5,22,6.0,0.25,-2.4803916101151455,-3.7023348657053514,-1.221943255590206,1.221943255590206
sigma_25,2.5,23,6.0,0.25,-2.721754461258497,-1.8779323942650594,0.8438220669934375,0.8438220669934375
sigma_25,2.5,24,6.0,0.25,-1.9189676333605916,-2.2355394281426864,-0.31657179478209474,0.31657179478209474
sigma_25,2.5,25,6.0,0.25,-0.124550868168618,-0.6517459580305935,-0.5271950898619755,0.5271950898619755
sigma_25,2.5,26,6.0,0.25,-3.7795823380893947,-2.180474280894705,1.5991080571946896,1.5991080571946896
sigma_25,2.5,27,6.0,0.25,-1.2573479969703008,0.3140100013436278,1.5713579983139285,1.5713579983139285
sigma_25,2.5,28,6.0,0.25,-0.5072893398189353,-1.947336997432611,-1.4400476576136756,1.4400476576136756
sigma_25,2.5,29,6.0,0.25,-0.23120199741113723,-0.6735322983204172,-0.44233030090927994,0.44233030090927994
sigma_25,2.5,30,6.0,0.25,-1.856641576004354,-4.333400458652694,-2.4767588826483395,2.4767588826483395
sigma_25,2.5,31,6.0,0.25,-2.272633517227183,-2.997175662765912,-0.7245421455387286,0.7245421455387286
sigma_25,2.5,32,6.0,0.25,-0.7047723836850055,-0.003910653196668708,0.7008617304883368,0.7008617304883368
sigma_25,2.5,33,6.0,0.25,-3.400486039585437,-3.9797314675012707,-0.5792454279158337,0.5792454279158337
sigma_25,2.5,34,6.0,0.25,-3.5275659708198774,-3.9446047835390665,-0.4170388127191891,0.4170388127191891
sigma_25,2.5,35,6.0,0.25,-2.590960339998371,-2.854251851206247,-0.26329151120787575,0.26329151120787575
sigma_25,2.5,36,6.0,0.25,-0.25079274754078273,1.6598243809708786,1.9106171285116613,1.9106171285116613
sigma_25,2.5,37,6.0,0.25,-1.5835238386222321,-1.1694240109957652,0.4140998276264669,0.4140998276264669
sigma_25,2.5,38,6.0,0.25,-2.0507675961755485,-1.2722336485308503,0.7785339476446982,0.7785339476446982
sigma_25,2.5,39,6.0,0.25,-1.5026181945072838,-0.8473107596893238,0.65530743481796,0.65530743481796
sigma_25,2.5,40,6.0,0.25,-2.3800370645194873,-0.7159916591982673,1.66404540532122,1.66404540532122
sigma_25,2.5,41,6.0,0.25,-1.4734140224233199,-1.9508279541573523,-0.47741393173403246,0.47741393173403246
sigma_25,2.5,42,6.0,0.25,-3.302802090941577,-3.8790988539278413,-0.5762967629862641,0.5762967629862641
sigma_25,2.5,43,6.0,0.25,-2.270675873679864,-3.6174274032248204,-1.3467515295449566,1.3467515295449566
sigma_25,2.5,44,6.0,0.25,-2.243782174848114,-5.142482980541772,-2.8987008056936583,2.8987008056936583
sigma_25,2.5,45,6.0,0.25,-1.3577861925888843,-1.0545371132067174,0.30324907938216694,0.30324907938216694
sigma_25,2.5,46,6.0,0.25,-2.286466192454625,1.0827694246671344,3.3692356171217597,3.3692356171217597
sigma_25,2.5,47,6.0,0.25,-2.4924133693363286,-2.2759478694038324,0.2164654999324962,0.2164654999324962
sigma_25,2.5,48,6.0,0.25,-2.437712748934273,-2.241334891038236,0.19637785789603734,0.19637785789603734
sigma_25,2.5,49,6.0,0.25,-0.3757857697259496,1.289988505917776,1.6657742756437257,1.6657742756437257
sigma_25,2.5,0,12.0,0.5,-2.131534969081983,-2.732761938378227,-0.6012269692962442,0.6012269692962442
sigma_25,2.5,1,12.0,0.5,-2.3430443356578308,-5.895470920753489,-3.5524265850956582,3.5524265850956582
sigma_25,2.5,2,12.0,0.5,-3.352414517648461,-4.697166694934795,-1.3447521772863342,1.3447521772863342
sigma_25,2.5,3,12.0,0.5,-3.514781722872706,-4.531303470875052,-1.0165217480023463,1.0165217480023463
sigma_25,2.5,4,12.0,0.5,-1.4593321275975901,-0.5094634533113549,0.9498686742862352,0.9498686742862352
sigma_25,2.5,5,12.0,0.5,-0.6881703317548864,-1.096456076388083,-0.40828574463319667,0.40828574463319667
sigma_25,2.5,6,12.0,0.5,-1.2458127593166433,-0.47383770854143803,0.7719750507752052,0.7719750507752052
sigma_25,2.5,7,12.0,0.5,-2.81388040162388,-2.0160295325042585,0.7978508691196216,0.7978508691196216
sigma_25,2.5,8,12.0,0.5,-2.059191505324943,-2.7188687784144867,-0.6596772730895437,0.6596772730895437
sigma_25,2.5,9,12.0,0.5,-2.21103973966501,-0.8917286525826884,1.3193110870823217,1.3193110870823217
sigma_25,2.5,10,12.0,0.5,-2.4582149107507587,-1.4069226125617764,1.0512922981889823,1.0512922981889823
sigma_25,2.5,11,12.0,0.5,-1.7129181071782709,-2.0428529901731154,-0.3299348829948445,0.3299348829948445
sigma_25,2.5,12,12.0,0.5,-3.6493199594233685,-5.065504922649417,-1.4161849632260486,1.4161849632260486
sigma_25,2.5,13,12.0,0.5,-2.6592901103704665,-1.256066743112163,1.4032233672583034,1.4032233672583034
sigma_25,2.5,14,12.0,0.5,0.8302997282548906,5.142881224952992,4.312581496698102,4.312581496698102
sigma_25,2.5,15,12.0,0.5,-2.8221233356295445,-3.587115999909109,-0.7649926642795646,0.7649926642795646
sigma_25,2.5,16,12.0,0.5,-1.9284216513076191,-3.4295165032873154,-1.5010948519796963,1.5010948519796963
sigma_25,2.5,17,12.0,0.5,-1.5274630216115763,0.25607512997914056,1.783538151590717,1.783538151590717
sigma_25,2.5,18,12.0,0.5,-1.9554537009605502,-3.1860126752036955,-1.2305589742431453,1.2305589742431453
sigma_25,2.5,19,12.0,0.5,-1.212462642356276,-1.013096244245774,0.19936639811050205,0.19936639811050205
sigma_25,2.5,20,12.0,0.5,-2.438726206000769,-3.833581900505555,-1.3948556945047863,1.3948556945047863
sigma_25,2.5,21,12.0,0.5,-1.0562263201459998,0.8958447079972622,1.952071028143262,1.952071028143262
sigma_25,2.5,22,12.0,0.5,-2.4803916101151455,-4.055847410041439,-1.5754557999262935,1.5754557999262935
sigma_25,2.5,23,12.0,0.5,-2.721754461258497,-1.3790135263800543,1.3427409348784427,1.3427409348784427
sigma_25,2.5,24,12.0,0.5,-1.9189676333605916,-1.8818837919378615,0.037083841422730135,0.037083841422730135
sigma_25,2.5,25,12.0,0.5,-0.124550868168618,-0.4311603560008625,-0.3066094878322445,0.3066094878322445
sigma_25,2.5,26,12.0,0.5,-3.7795823380893947,-2.3084950393344066,1.4710872987549881,1.4710872987549881
sigma_25,2.5,27,12.0,0.5,-1.2573479969703008,0.11093994871113932,1.36828794568144,1.36828794568144
sigma_25,2.5,28,12.0,0.5,-0.5072893398189353,-1.7916844215756134,-1.284395081756678,1.284395081756678
sigma_25,2.5,29,12.0,0.5,-0.23120199741113723,1.805659421548779,2.036861418959916,2.036861418959916
sigma_25,2.5,30,12.0,0.5,-1.856641576004354,-6.296376368404701,-4.439734792400347,4.439734792400347
sigma_25,2.5,31,12.0,0.5,-2.272633517227183,-2.3017198386349413,-0.02908632140775813,0.02908632140775813
sigma_25,2.5,32,12.0,0.5,-0.7047723836850055,-0.10541373953803697,0.5993586441469685,0.5993586441469685
sigma_25,2.5,33,12.0,0.5,-3.400486039585437,-4.664709171835629,-1.2642231322501916,1.2642231322501916
sigma_25,2.5,34,12.0,0.5,-3.5275659708198774,-4.167632148225003,-0.6400661774051257,0.6400661774051257
sigma_25,2.5,35,12.0,0.5,-2.590960339998371,-1.2806855728464621,1.310274767151909,1.310274767151909
sigma_25,2.5,36,12.0,0.5,-0.25079274754078273,3.0422887236774514,3.293081471218234,3.293081471218234
sigma_25,2.5,37,12.0,0.5,-1.5835238386222321,-0.6189890734688831,0.964534765153349,0.964534765153349
sigma_25,2.5,38,12.0,0.5,-2.0507675961755485,-1.6795733606250214,0.3711942355505271,0.3711942355505271
sigma_25,2.5,39,12.0,0.5,-1.5026181945072838,-2.063347552453936,-0.5607293579466524,0.5607293579466524
sigma_25,2.5,40,12.0,0.5,-2.3800370645194873,0.16670818096293483,2.546745245482422,2.546745245482422
sigma_25,2.5,41,12.0,0.5,-1.4734140224233199,-3.3800263584092054,-1.9066123359858855,1.9066123359858855
sigma_25,2.5,42,12.0,0.5,-3.302802090941577,-2.1443108503158386,1.1584912406257386,1.1584912406257386
sigma_25,2.5,43,12.0,0.5,-2.270675873679864,-3.7511237058698184,-1.4804478321899546,1.4804478321899546
sigma_25,2.5,44,12.0,0.5,-2.243782174848114,-7.017555310618962,-4.773773135770848,4.773773135770848
sigma_25,2.5,45,12.0,0.5,-1.3577861925888843,0.27752953664680263,1.635315729235687,1.635315729235687
sigma_25,2.5,46,12.0,0.5,-2.286466192454625,-0.6337519407642824,1.6527142516903426,1.6527142516903426
sigma_25,2.5,47,12.0,0.5,-2.4924133693363286,-2.3291487618207345,0.16326460751559413,0.16326460751559413
sigma_25,2.5,48,12.0,0.5,-2.437712748934273,-0.4098020839683949,2.0279106649658782,2.0279106649658782
sigma_25,2.5,49,12.0,0.5,-0.3757857697259496,0.6913861239416695,1.067171893667619,1.067171893667619
sigma_25,2.5,0,24.0,1.0,-2.131534969081983,-5.182803402031755,-3.0512684329497723,3.0512684329497723
sigma_25,2.5,1,24.0,1.0,-2.3430443356578308,-9.029387331323333,-6.686342995665502,6.686342995665502
sigma_25,2.5,2,24.0,1.0,-3.352414517648461,-5.721487887547269,-2.3690733698988082,2.3690733698988082
sigma_25,2.5,3,24.0,1.0,-3.514781722872706,-5.276066744484727,-1.7612850216120215,1.7612850216120215
sigma_25,2.5,4,24.0,1.0,-1.4593321275975901,-1.5956236079089665,-0.1362914803113764,0.1362914803113764
sigma_25,2.5,5,24.0,1.0,-0.6881703317548864,-2.4605706589735075,-1.772400327218621,1.772400327218621
sigma_25,2.5,6,24.0,1.0,-1.2458127593166433,-2.917400899548024,-1.6715881402313806,1.6715881402313806
sigma_25,2.5,7,24.0,1.0,-2.81388040162388,-0.7651712857974182,2.048709115826462,2.048709115826462
sigma_25,2.5,8,24.0,1.0,-2.059191505324943,-4.30954251343292,-2.2503510081079767,2.2503510081079767
sigma_25,2.5,9,24.0,1.0,-2.21103973966501,-1.6524325674173774,0.5586071722476327,0.5586071722476327
sigma_25,2.5,10,24.0,1.0,-2.4582149107507587,-1.9434637102732335,0.5147512004775252,0.5147512004775252
sigma_25,2.5,11,24.0,1.0,-1.7129181071782709,-1.2518142096137452,0.46110389756452563,0.46110389756452563
sigma_25,2.5,12,24.0,1.0,-3.6493199594233685,-5.742359054461074,-2.093039095037706,2.093039095037706
sigma_25,2.5,13,24.0,1.0,-2.6592901103704665,0.597920547493375,3.2572106578638413,3.2572106578638413
sigma_25,2.5,14,24.0,1.0,0.8302997282548906,5.146922730468498,4.316623002213608,4.316623002213608
sigma_25,2.5,15,24.0,1.0,-2.8221233356295445,-4.83810355772267,-2.0159802220931256,2.0159802220931256
sigma_25,2.5,16,24.0,1.0,-1.9284216513076191,-7.0408127860557705,-5.112391134748151,5.112391134748151
sigma_25,2.5,17,24.0,1.0,-1.5274630216115763,0.05851198758558611,1.5859750091971625,1.5859750091971625
sigma_25,2.5,18,24.0,1.0,-1.9554537009605502,-2.978060657854921,-1.0226069568943708,1.0226069568943708
sigma_25,2.5,19,24.0,1.0,-1.212462642356276,-2.6852599006968383,-1.4727972583405622,1.4727972583405622
sigma_25,2.5,20,24.0,1.0,-2.438726206000769,-4.3734525789058445,-1.9347263729050757,1.9347263729050757
sigma_25,2.5,21,24.0,1.0,-1.0562263201459998,0.9470772904368732,2.003303610582873,2.003303610582873
sigma_25,2.5,22,24.0,1.0,-2.4803916101151455,-4.7587222038875785,-2.278330593772433,2.278330593772433
sigma_25,2.5,23,24.0,1.0,-2.721754461258497,-2.0454088551964893,0.6763456060620077,0.6763456060620077
sigma_25,2.5,24,24.0,1.0,-1.9189676333605916,-0.773246663672241,1.1457209696883506,1.1457209696883506
sigma_25,2.5,25,24.0,1.0,-0.124550868168618,-0.24738112880399918,-0.12283026063538117,0.12283026063538117
sigma_25,2.5,26,24.0,1.0,-3.7795823380893947,-2.0199492576226183,1.7596330804667764,1.7596330804667764
sigma_25,2.5,27,24.0,1.0,-1.2573479969703008,-0.46171692202465175,0.795631074945649,0.795631074945649
sigma_25,2.5,28,24.0,1.0,-0.5072893398189353,-2.668426164316426,-2.1611368244974907,2.1611368244974907
sigma_25,2.5,29,24.0,1.0,-0.23120199741113723,-1.1949681679100312,-0.963766170498894,0.963766170498894
sigma_25,2.5,30,24.0,1.0,-1.856641576004354,-3.45837958595633,-1.601738009951976,1.601738009951976
sigma_25,2.5,31,24.0,1.0,-2.272633517227183,0.7029701843226066,2.97560370154979,2.97560370154979
sigma_25,2.5,32,24.0,1.0,-0.7047723836850055,-0.40896915509923315,0.29580322858577235,0.29580322858577235
sigma_25,2.5,33,24.0,1.0,-3.400486039585437,-5.0654865053623075,-1.6650004657768704,1.6650004657768704
sigma_25,2.5,34,24.0,1.0,-3.5275659708198774,-4.183611945508625,-0.6560459746887477,0.6560459746887477
sigma_25,2.5,35,24.0,1.0,-2.590960339998371,-0.29608410843172667,2.2948762315666444,2.2948762315666444
sigma_25,2.5,36,24.0,1.0,-0.25079274754078273,4.2312891458493835,4.482081893390166,4.482081893390166
sigma_25,2.5,37,24.0,1.0,-1.5835238386222321,0.5888263688072846,2.172350207429517,2.172350207429517
sigma_25,2.5,38,24.0,1.0,-2.0507675961755485,-1.93520486238297,0.11556273379257842,0.11556273379257842
sigma_25,2.5,39,24.0,1.0,-1.5026181945072838,-0.13698535062726977,1.365632843880014,1.365632843880014
sigma_25,2.5,40,24.0,1.0,-2.3800370645194873,-0.6212598920444193,1.7587771724750678,1.7587771724750678
sigma_25,2.5,41,24.0,1.0,-1.4734140224233199,-2.9731123313852468,-1.499698308961927,1.499698308961927
sigma_25,2.5,42,24.0,1.0,-3.302802090941577,-4.781348544070705,-1.4785464531291281,1.4785464531291281
sigma_25,2.5,43,24.0,1.0,-2.270675873679864,-2.1126574786709766,0.15801839500888715,0.15801839500888715
sigma_25,2.5,44,24.0,1.0,-2.243782174848114,-4.076841701136041,-1.8330595262879266,1.8330595262879266
sigma_25,2.5,45,24.0,1.0,-1.3577861925888843,-1.44830074374516,-0.09051455115627571,0.09051455115627571
sigma_25,2.5,46,24.0,1.0,-2.286466192454625,1.0513951530208974,3.337861345475522,3.337861345475522
sigma_25,2.5,47,24.0,1.0,-2.4924133693363286,-2.995327403212264,-0.5029140338759355,0.5029140338759355
sigma_25,2.5,48,24.0,1.0,-2.437712748934273,2.314252587121593,4.751965336055866,4.751965336055866
sigma_25,2.5,49,24.0,1.0,-0.3757857697259496,0.1735122107480871,0.5492979804740368,0.5492979804740368
sigma_25,2.5,0,48.0,2.0,-2.131534969081983,-0.8566051575580457,1.2749298115239371,1.2749298115239371
sigma_25,2.5,1,48.0,2.0,-2.3430443356578308,-11.41152066643206,-9.068476330774228,9.068476330774228
sigma_25,2.5,2,48.0,2.0,-3.352414517648461,-5.077774283606173,-1.725359765957712,1.725359765957712
sigma_25,2.5,3,48.0,2.0,-3.514781722872706,-4.358620387712211,-0.8438386648395051,0.8438386648395051
sigma_25,2.5,4,48.0,2.0,-1.4593321275975901,-4.011481802456114,-2.5521496748585237,2.5521496748585237
sigma_25,2.5,5,48.0,2.0,-0.6881703317548864,-3.217278274062796,-2.5291079423079097,2.5291079423079097
sigma_25,2.5,6,48.0,2.0,-1.2458127593166433,-4.309944553160994,-3.064131793844351,3.064131793844351
sigma_25,2.5,7,48.0,2.0,-2.81388040162388,4.650444385740065,7.464324787363945,7.464324787363945
sigma_25,2.5,8,48.0,2.0,-2.059191505324943,-4.287052224761785,-2.2278607194368423,2.2278607194368423
sigma_25,2.5,9,48.0,2.0,-2.21103973966501,-3.4105797905584248,-1.1995400508934146,1.1995400508934146
sigma_25,2.5,10,48.0,2.0,-2.4582149107507587,-1.1745150356129683,1.2836998751377904,1.2836998751377904
sigma_25,2.5,11,48.0,2.0,-1.7129181071782709,-0.8981162348896707,0.8148018722886001,0.8148018722886001
sigma_25,2.5,12,48.0,2.0,-3.6493199594233685,-7.273757368941341,-3.6244374095179728,3.6244374095179728
sigma_25,2.5,13,48.0,2.0,-2.6592901103704665,1.3203075498130143,3.979597660183481,3.979597660183481
sigma_25,2.5,14,48.0,2.0,0.8302997282548906,0.9661133560090838,0.13581362775419314,0.13581362775419314
sigma_25,2.5,15,48.0,2.0,-2.8221233356295445,-3.1723030773519794,-0.3501797417224348,0.3501797417224348
sigma_25,2.5,16,48.0,2.0,-1.9284216513076191,-8.605819187937257,-6.677397536629638,6.677397536629638
sigma_25,2.5,17,48.0,2.0,-1.5274630216115763,-3.0599706151577193,-1.532507593546143,1.532507593546143
sigma_25,2.5,18,48.0,2.0,-1.9554537009605502,-3.523233990646726,-1.5677802896861757,1.5677802896861757
sigma_25,2.5,19,48.0,2.0,-1.212462642356276,-2.0921186616207006,-0.8796560192644245,0.8796560192644245
sigma_25,2.5,20,48.0,2.0,-2.438726206000769,-4.094406061765069,-1.6556798557643,1.6556798557643
sigma_25,2.5,21,48.0,2.0,-1.0562263201459998,4.1089791655216485,5.165205485667649,5.165205485667649
sigma_25,2.5,22,48.0,2.0,-2.4803916101151455,-5.177507631971044,-2.6971160218558983,2.6971160218558983
sigma_25,2.5,23,48.0,2.0,-2.721754461258497,-1.5523566086173024,1.1693978526411946,1.1693978526411946
sigma_25,2.5,24,48.0,2.0,-1.9189676333605916,-5.054355104571615,-3.135387471211023,3.135387471211023
sigma_25,2.5,25,48.0,2.0,-0.124550868168618,-3.1975882949948717,-3.0730374268262537,3.0730374268262537
sigma_25,2.5,26,48.0,2.0,-3.7795823380893947,-9.156481833088316,-5.376899494998922,5.376899494998922
sigma_25,2.5,27,48.0,2.0,-1.2573479969703008,-2.7081246986192786,-1.4507767016489779,1.4507767016489779
sigma_25,2.5,28,48.0,2.0,-0.5072893398189353,-5.517605329543137,-5.010315989724202,5.010315989724202
sigma_25,2.5,29,48.0,2.0,-0.23120199741113723,-0.5985395214625367,-0.3673375240513995,0.3673375240513995
sigma_25,2.5,30,48.0,2.0,-1.856641576004354,-6.180120452805861,-4.323478876801507,4.323478876801507
sigma_25,2.5,31,48.0,2.0,-2.272633517227183,-2.0033600207530142,0.269273496474169,0.269273496474169
sigma_25,2.5,32,48.0,2.0,-0.7047723836850055,0.7327709233257195,1.437543307010725,1.437543307010725
sigma_25,2.5,33,48.0,2.0,-3.400486039585437,-5.284257274532575,-1.8837712349471376,1.8837712349471376
sigma_25,2.5,34,48.0,2.0,-3.5275659708198774,-3.6225096334569775,-0.09494366263710008,0.09494366263710008
sigma_25,2.5,35,48.0,2.0,-2.590960339998371,-3.307906512875384,-0.7169461728770128,0.7169461728770128
sigma_25,2.5,36,48.0,2.0,-0.25079274754078273,4.981149808277657,5.231942555818439,5.231942555818439
sigma_25,2.5,37,48.0,2.0,-1.5835238386222321,-0.150286220336235,1.4332376182859972,1.4332376182859972
sigma_25,2.5,38,48.0,2.0,-2.0507675961755485,-4.60160948507343,-2.5508418888978817,2.5508418888978817
sigma_25,2.5,39,48.0,2.0,-1.5026181945072838,3.2072931435429695,4.7099113380502535,4.7099113380502535
sigma_25,2.5,40,48.0,2.0,-2.3800370645194873,-3.0253499489825746,-0.6453128844630873,0.6453128844630873
sigma_25,2.5,41,48.0,2.0,-1.4734140224233199,-7.795830889016002,-6.322416866592682,6.322416866592682
sigma_25,2.5,42,48.0,2.0,-3.302802090941577,-3.523053127130662,-0.22025103618908481,0.22025103618908481
sigma_25,2.5,43,48.0,2.0,-2.270675873679864,-4.2134776595706835,-1.9428017858908198,1.9428017858908198
sigma_25,2.5,44,48.0,2.0,-2.243782174848114,0.5204627407570966,2.764244915605211,2.764244915605211
sigma_25,2.5,45,48.0,2.0,-1.3577861925888843,-1.6400791026958947,-0.2822929101070104,0.2822929101070104
sigma_25,2.5,46,48.0,2.0,-2.286466192454625,-1.2195091120518518,1.0669570804027733,1.0669570804027733
sigma_25,2.5,47,48.0,2.0,-2.4924133693363286,-3.8402598699273667,-1.347846500591038,1.347846500591038
sigma_25,2.5,48,48.0,2.0,-2.437712748934273,2.1860303233864258,4.623743072320699,4.623743072320699
sigma_25,2.5,49,48.0,2.0,-0.3757857697259496,0.06360474326970086,0.43939051299565046,0.43939051299565046
sigma_25,2.5,0,72.0,3.0,-2.131534969081983,-4.716218409712005,-2.5846834406300223,2.5846834406300223
sigma_25,2.5,1,72.0,3.0,-2.3430443356578308,-11.515063426303065,-9.172019090645234,9.172019090645234
sigma_25,2.5,2,72.0,3.0,-3.352414517648461,-3.350294801645093,0.002119716003368133,0.002119716003368133
sigma_25,2.5,3,72.0,3.0,-3.514781722872706,-5.413036884728879,-1.8982551618561727,1.8982551618561727
sigma_25,2.5,4,72.0,3.0,-1.4593321275975901,-4.227106289257225,-2.767774161659635,2.767774161659635
sigma_25,2.5,5,72.0,3.0,-0.6881703317548864,-1.4740127226299788,-0.7858423908750924,0.7858423908750924
sigma_25,2.5,6,72.0,3.0,-1.2458127593166433,-4.67288587283176,-3.4270731135151165,3.4270731135151165
sigma_25,2.5,7,72.0,3.0,-2.81388040162388,3.1262102727474628,5.940090674371342,5.940090674371342
sigma_25,2.5,8,72.0,3.0,-2.059191505324943,-2.2506475965823682,-0.19145609125742524,0.19145609125742524
sigma_25,2.5,9,72.0,3.0,-2.21103973966501,-2.1520434942098063,0.058996245455203766,0.058996245455203766
sigma_25,2.5,10,72.0,3.0,-2.4582149107507587,-3.1706408879319543,-0.7124259771811956,0.7124259771811956
sigma_25,2.5,11,72.0,3.0,-1.7129181071782709,-0.8266771095955295,0.8862409975827413,0.8862409975827413
sigma_25,2.5,12,72.0,3.0,-3.6493199594233685,-6.256247041938451,-2.6069270825150825,2.6069270825150825
sigma_25,2.5,13,72.0,3.0,-2.6592901103704665,-2.240669270784139,0.41862083958632734,0.41862083958632734
sigma_25,2.5,14,72.0,3.0,0.8302997282548906,2.594332233974806,1.764032505719915,1.764032505719915
sigma_25,2.5,15,72.0,3.0,-2.8221233356295445,-4.329000909545364,-1.5068775739158196,1.5068775739158196
sigma_25,2.5,16,72.0,3.0,-1.9284216513076191,-11.596925226974422,-9.668503575666803,9.668503575666803
sigma_25,2.5,17,72.0,3.0,-1.5274630216115763,-2.6726089030860667,-1.1451458814744904,1.1451458814744904
sigma_25,2.5,18,72.0,3.0,-1.9554537009605502,2.753730322196516,4.709184023157066,4.709184023157066
sigma_25,2.5,19,72.0,3.0,-1.212462642356276,0.9271345433684708,2.139597185724747,2.139597185724747
sigma_25,2.5,20,72.0,3.0,-2.438726206000769,-2.6600060303515067,-0.2212798243507379,0.2212798243507379
sigma_25,2.5,21,72.0,3.0,-1.0562263201459998,2.7163028648366163,3.7725291849826164,3.7725291849826164
sigma_25,2.5,22,72.0,3.0,-2.4803916101151455,-4.503211204093745,-2.0228195939785993,2.0228195939785993
sigma_25,2.5,23,72.0,3.0,-2.721754461258497,-1.2189893099272004,1.5027651513312965,1.5027651513312965
sigma_25,2.5,24,72.0,3.0,-1.9189676333605916,-7.435489026227523,-5.516521392866931,5.516521392866931
sigma_25,2.5,25,72.0,3.0,-0.124550868168618,-3.5376059858964757,-3.4130551177278576,3.4130551177278576
sigma_25,2.5,26,72.0,3.0,-3.7795823380893947,-10.820151182319263,-7.040568844229869,7.040568844229869
sigma_25,2.5,27,72.0,3.0,-1.2573479969703008,-2.272051149453826,-1.0147031524835253,1.0147031524835253
sigma_25,2.5,28,72.0,3.0,-0.5072893398189353,-7.522356037369658,-7.015066697550722,7.015066697550722
sigma_25,2.5,29,72.0,3.0,-0.23120199741113723,1.1645773932654326,1.3957793906765699,1.3957793906765699
sigma_25,2.5,30,72.0,3.0,-1.856641576004354,-9.763489580084387,-7.906848004080033,7.906848004080033
sigma_25,2.5,31,72.0,3.0,-2.272633517227183,-2.8110201835796413,-0.5383866663524581,0.5383866663524581
sigma_25,2.5,32,72.0,3.0,-0.7047723836850055,-2.0119883486519083,-1.3072159649669028,1.3072159649669028
sigma_25,2.5,33,72.0,3.0,-3.400486039585437,-5.685102512895368,-2.2846164733099306,2.2846164733099306
sigma_25,2.5,34,72.0,3.0,-3.5275659708198774,-7.773996177607227,-4.24643020678735,4.24643020678735
sigma_25,2.5,35,72.0,3.0,-2.590960339998371,-3.366456499424044,-0.7754961594256726,0.7754961594256726
sigma_25,2.5,36,72.0,3.0,-0.25079274754078273,4.969101388467631,5.2198941360084135,5.2198941360084135
sigma_25,2.5,37,72.0,3.0,-1.5835238386222321,-3.587839747588005,-2.004315908965773,2.004315908965773
sigma_25,2.5,38,72.0,3.0,-2.0507675961755485,-5.883469638164431,-3.832702041988883,3.832702041988883
sigma_25,2.5,39,72.0,3.0,-1.5026181945072838,5.785171365290256,7.28778955979754,7.28778955979754
sigma_25,2.5,40,72.0,3.0,-2.3800370645194873,-6.122948078423636,-3.7429110139041484,3.7429110139041484
sigma_25,2.5,41,72.0,3.0,-1.4734140224233199,-11.780806615160593,-10.307392592737273,10.307392592737273
sigma_25,2.5,42,72.0,3.0,-3.302802090941577,0.06415871853351997,3.3669608094750973,3.3669608094750973
sigma_25,2.5,43,72.0,3.0,-2.270675873679864,-2.892176192983252,-0.6215003193033883,0.6215003193033883
sigma_25,2.5,44,72.0,3.0,-2.243782174848114,0.5122749598490629,2.756057134697177,2.756057134697177
sigma_25,2.5,45,72.0,3.0,-1.3577861925888843,-0.19838396634800864,1.1594022262408756,1.1594022262408756
sigma_25,2.5,46,72.0,3.0,-2.286466192454625,0.9379425168440061,3.224408709298631,3.224408709298631
sigma_25,2.5,47,72.0,3.0,-2.4924133693363286,-6.162492046852423,-3.670078677516094,3.670078677516094
sigma_25,2.5,48,72.0,3.0,-2.437712748934273,3.5285898153635613,5.966302564297834,5.966302564297834
sigma_25,2.5,49,72.0,3.0,-0.3757857697259496,-3.3753202846166785,-2.999534514890729,2.999534514890729
sigma_35,3.5,0,1.0,0.041666666666666664,-1.5037718037429815,-1.5514630618313583,-0.04769125808837682,0.04769125808837682
sigma_35,3.5,1,1.0,0.041666666666666664,-1.0524787195209748,-1.1678983771769638,-0.11541965765598894,0.11541965765598894
sigma_35,3.5,2,1.0,0.041666666666666664,-3.2153012360232975,-3.3791506304963157,-0.16384939447301816,0.16384939447301816
sigma_35,3.5,3,1.0,0.041666666666666664,-3.7964547444533143,-2.75526902846864,1.0411857159846742,1.0411857159846742
sigma_35,3.5,4,1.0,0.041666666666666664,-0.904514966067482,-0.5258397868713548,0.37867517919612725,0.37867517919612725
sigma_35,3.5,5,1.0,0.041666666666666664,-3.766913849265913,-3.136755775411026,0.6301580738548869,0.6301580738548869
sigma_35,3.5,6,1.0,0.041666666666666664,-1.7128300789511701,-2.15708493139174,-0.44425485244056984,0.44425485244056984
sigma_35,3.5,7,1.0,0.041666666666666664,-2.777665861070477,-2.946620715317703,-0.16895485424722612,0.16895485424722612
sigma_35,3.5,8,1.0,0.041666666666666664,-0.3440130744472682,-0.340901661351164,0.0031114130961041875,0.0031114130961041875
sigma_35,3.5,9,1.0,0.041666666666666664,-1.7950437598469224,-1.222779042023486,0.5722647178234364,0.5722647178234364
sigma_35,3.5,10,1.0,0.041666666666666664,-2.587891742150454,-1.127144795693714,1.46074694645674,1.46074694645674
sigma_35,3.5,11,1.0,0.041666666666666664,-3.3279994597040163,-3.6095937000355245,-0.28159424033150815,0.28159424033150815
sigma_35,3.5,12,1.0,0.041666666666666664,-2.205538098623765,-2.603817421287122,-0.39827932266335697,0.39827932266335697
sigma_35,3.5,13,1.0,0.041666666666666664,-3.828714860626304,-4.181451086227733,-0.35273622560142925,0.35273622560142925
sigma_35,3.5,14,1.0,0.041666666666666664,-1.2660422125940873,-1.623303487065179,-0.3572612744710917,0.3572612744710917
sigma_35,3.5,15,1.0,0.041666666666666664,-3.780586374638834,-4.171439330308792,-0.39085295566995804,0.39085295566995804
sigma_35,3.5,16,1.0,0.041666666666666664,-1.515961201403503,-0.7113652985561071,0.804595902847396,0.804595902847396
sigma_35,3.5,17,1.0,0.041666666666666664,-3.669433411148583,-3.40325592565923,0.26617748548935305,0.26617748548935305
sigma_35,3.5,18,1.0,0.041666666666666664,-2.4622941710638924,-3.4976860430291055,-1.035391871965213,1.035391871965213
sigma_35,3.5,19,1.0,0.041666666666666664,-0.724375082495169,0.28695630446873366,1.0113313869639027,1.0113313869639027
sigma_35,3.5,20,1.0,0.041666666666666664,-2.267122574475147,-2.0978664486202323,0.16925612585491479,0.16925612585491479
sigma_35,3.5,21,1.0,0.041666666666666664,-2.6612293060605325,-1.8395098734085282,0.8217194326520043,0.8217194326520043
sigma_35,3.5,22,1.0,0.041666666666666664,-2.228072907496258,-2.363780051864828,-0.13570714436857,0.13570714436857
sigma_35,3.5,23,1.0,0.041666666666666664,-2.176228989722096,-2.482839333534035,-0.30661034381193897,0.30661034381193897
sigma_35,3.5,24,1.0,0.041666666666666664,-2.5642187639185305,-2.313007710692591,0.25121105322593973,0.25121105322593973
sigma_35,3.5,25,1.0,0.041666666666666664,-3.0118910472508214,-2.7190588761563568,0.2928321710944646,0.2928321710944646
sigma_35,3.5,26,1.0,0.041666666666666664,-3.4306698992465168,-5.282694431352452,-1.852024532105935,1.852024532105935
sigma_35,3.5,27,1.0,0.041666666666666664,-1.4947090524026363,-1.7463757201531678,-0.2516666677505315,0.2516666677505315
sigma_35,3.5,28,1.0,0.041666666666666664,-2.621535544970541,-3.405564501844807,-0.7840289568742662,0.7840289568742662
sigma_35,3.5,29,1.0,0.041666666666666664,-3.1415929988630773,-2.2646959275508234,0.8768970713122539,0.8768970713122539
sigma_35,3.5,30,1.0,0.041666666666666664,-3.1767323435818287,-2.618519546108806,0.5582127974730224,0.5582127974730224
sigma_35,3.5,31,1.0,0.041666666666666664,-2.1760371935044924,-3.040475614092204,-0.8644384205877116,0.8644384205877116
sigma_35,3.5,32,1.0,0.041666666666666664,-1.064492110719703,0.36732505531030535,1.4318171660300083,1.4318171660300083
sigma_35,3.5,33,1.0,0.041666666666666664,0.5280045772954779,1.5050163987380751,0.9770118214425972,0.9770118214425972
sigma_35,3.5,34,1.0,0.041666666666666664,-2.7886653757036894,-2.8424181149816055,-0.05375273927791602,0.05375273927791602
sigma_35,3.5,35,1.0,0.041666666666666664,-1.7843753377624278,-1.8839241396842699,-0.09954880192184201,0.09954880192184201
sigma_35,3.5,36,1.0,0.041666666666666664,-2.6620657174620006,-2.576747924937297,0.0853177925247035,0.0853177925247035
sigma_35,3.5,37,1.0,0.041666666666666664,-2.1792689767608846,-0.9339729384214158,1.2452960383394687,1.2452960383394687
sigma_35,3.5,38,1.0,0.041666666666666664,-1.217341906248206,-1.0727268733443553,0.1446150329038507,0.1446150329038507
sigma_35,3.5,39,1.0,0.041666666666666664,-2.273503011648531,-2.042854100843643,0.23064891080488792,0.23064891080488792
sigma_35,3.5,40,1.0,0.041666666666666664,-1.7497296749767042,-1.6702745133519397,0.07945516162476451,0.07945516162476451
sigma_35,3.5,41,1.0,0.041666666666666664,-3.2423951770774826,-3.349427356587306,-0.10703217950982324,0.10703217950982324
sigma_35,3.5,42,1.0,0.041666666666666664,0.2447865726952267,1.9392783467479868,1.69449177405276,1.69449177405276
sigma_35,3.5,43,1.0,0.041666666666666664,-0.9812268072761264,-0.921733276079576,0.05949353119655043,0.05949353119655043
sigma_35,3.5,44,1.0,0.041666666666666664,-0.18074559238733823,0.5278436462269366,0.7085892386142748,0.7085892386142748
sigma_35,3.5,45,1.0,0.041666666666666664,-1.3687630908351984,-1.628903295733535,-0.26014020489833656,0.26014020489833656
sigma_35,3.5,46,1.0,0.041666666666666664,-2.1411374945793065,-2.6352604104537636,-0.4941229158744571,0.4941229158744571
sigma_35,3.5,47,1.0,0.041666666666666664,-1.9397510012747639,-2.258114693849953,-0.31836369257518915,0.31836369257518915
sigma_35,3.5,48,1.0,0.041666666666666664,-2.2540451143132914,-1.0562109949523741,1.1978341193609172,1.1978341193609172
sigma_35,3.5,49,1.0,0.041666666666666664,-1.1753668156415251,0.26326724470034857,1.4386340603418737,1.4386340603418737
sigma_35,3.5,0,6.0,0.25,-1.5037718037429815,-4.106899455132481,-2.6031276513895,2.6031276513895
sigma_35,3.5,1,6.0,0.25,-1.0524787195209748,-6.128871539458398,-5.076392819937423,5.076392819937423
sigma_35,3.5,2,6.0,0.25,-3.2153012360232975,-2.5308491738105383,0.6844520622127592,0.6844520622127592
sigma_35,3.5,3,6.0,0.25,-3.7964547444533143,-3.1440774479117986,0.6523772965415158,0.6523772965415158
sigma_35,3.5,4,6.0,0.25,-0.904514966067482,0.11986483085900926,1.0243797969264914,1.0243797969264914
sigma_35,3.5,5,6.0,0.25,-3.766913849265913,-2.2203673487906563,1.5465465004752565,1.5465465004752565
sigma_35,3.5,6,6.0,0.25,-1.7128300789511701,-5.259514351125856,-3.5466842721746854,3.5466842721746854
sigma_35,3.5,7,6.0,0.25,-2.777665861070477,-2.431993003634268,0.3456728574362091,0.3456728574362091
sigma_35,3.5,8,6.0,0.25,-0.3440130744472682,0.4967056059077759,0.8407186803550442,0.8407186803550442
sigma_35,3.5,9,6.0,0.25,-1.7950437598469224,0.23962642076886226,2.0346701806157848,2.0346701806157848
sigma_35,3.5,10,6.0,0.25,-2.587891742150454,-0.056244760559879765,2.531646981590574,2.531646981590574
sigma_35,3.5,11,6.0,0.25,-3.3279994597040163,-3.8507217802469196,-0.5227223205429032,0.5227223205429032
sigma_35,3.5,12,6.0,0.25,-2.205538098623765,-2.14531621480612,0.06022188381764515,0.06022188381764515
sigma_35,3.5,13,6.0,0.25,-3.828714860626304,-3.9098438679957943,-0.08112900736949014,0.08112900736949014
sigma_35,3.5,14,6.0,0.25,-1.2660422125940873,-0.6061866764354576,0.6598555361586297,0.6598555361586297
sigma_35,3.5,15,6.0,0.25,-3.780586374638834,-3.2922952102464054,0.4882911643924288,0.4882911643924288
sigma_35,3.5,16,6.0,0.25,-1.515961201403503,-2.789318189613203,-1.2733569882097,1.2733569882097
sigma_35,3.5,17,6.0,0.25,-3.669433411148583,-1.4955243330889747,2.173909078059608,2.173909078059608
sigma_35,3.5,18,6.0,0.25,-2.4622941710638924,-5.260970958835582,-2.7986767877716896,2.7986767877716896
sigma_35,3.5,19,6.0,0.25,-0.724375082495169,0.9287959673808049,1.653171049875974,1.653171049875974
sigma_35,3.5,20,6.0,0.25,-2.267122574475147,0.6087288964412588,2.875851470916406,2.875851470916406
sigma_35,3.5,21,6.0,0.25,-2.6612293060605325,-1.0097106148670514,1.6515186911934812,1.6515186911934812
sigma_35,3.5,22,6.0,0.25,-2.228072907496258,-5.470334430340968,-3.2422615228447094,3.2422615228447094
sigma_35,3.5,23,6.0,0.25,-2.176228989722096,-2.513347388983082,-0.3371183992609863,0.3371183992609863
sigma_35,3.5,24,6.0,0.25,-2.5642187639185305,-1.4687579190027937,1.0954608449157368,1.0954608449157368
sigma_35,3.5,25,6.0,0.25,-3.0118910472508214,-2.9001398623264074,0.11175118492441394,0.11175118492441394
sigma_35,3.5,26,6.0,0.25,-3.4306698992465168,-3.5390258639024608,-0.10835596465594399,0.10835596465594399
sigma_35,3.5,27,6.0,0.25,-1.4947090524026363,-2.3223328964332604,-0.8276238440306241,0.8276238440306241
sigma_35,3.5,28,6.0,0.25,-2.621535544970541,-3.8505618232982353,-1.2290262783276944,1.2290262783276944
sigma_35,3.5,29,6.0,0.25,-3.1415929988630773,-1.7538457477193228,1.3877472511437545,1.3877472511437545
sigma_35,3.5,30,6.0,0.25,-3.1767323435818287,-0.9945644471672794,2.1821678964145494,2.1821678964145494
sigma_35,3.5,31,6.0,0.25,-2.1760371935044924,0.7530039782625081,2.9290411717670004,2.9290411717670004
sigma_35,3.5,32,6.0,0.25,-1.064492110719703,-1.1991762664990584,-0.13468415577935544,0.13468415577935544
sigma_35,3.5,33,6.0,0.25,0.5280045772954779,1.9843361094194025,1.4563315321239245,1.4563315321239245
sigma_35,3.5,34,6.0,0.25,-2.7886653757036894,-1.9459755098301932,0.8426898658734963,0.8426898658734963
sigma_35,3.5,35,6.0,0.25,-1.7843753377624278,-2.413864271304001,-0.629488933541573,0.629488933541573
sigma_35,3.5,36,6.0,0.25,-2.6620657174620006,-1.6919391405506177,0.9701265769113829,0.9701265769113829
sigma_35,3.5,37,6.0,0.25,-2.1792689767608846,-0.01794543709244211,2.1613235396684427,2.1613235396684427
sigma_35,3.5,38,6.0,0.25,-1.217341906248206,0.22842857518395723,1.4457704814321632,1.4457704814321632
sigma_35,3.5,39,6.0,0.25,-2.273503011648531,2.962265694446869,5.235768706095399,5.235768706095399
sigma_35,3.5,40,6.0,0.25,-1.7497296749767042,-1.0655710913328895,0.6841585836438147,0.6841585836438147
sigma_35,3.5,41,6.0,0.25,-3.2423951770774826,-1.7614843606741866,1.480910816403296,1.480910816403296
sigma_35,3.5,42,6.0,0.25,0.2447865726952267,0.32571559384532506,0.08092902115009837,0.08092902115009837
sigma_35,3.5,43,6.0,0.25,-0.9812268072761264,-1.6480608221544726,-0.6668340148783461,0.6668340148783461
sigma_35,3.5,44,6.0,0.25,-0.18074559238733823,0.528545013666785,0.7092906060541232,0.7092906060541232
sigma_35,3.5,45,6.0,0.25,-1.3687630908351984,-1.7661961336322933,-0.3974330427970949,0.3974330427970949
sigma_35,3.5,46,6.0,0.25,-2.1411374945793065,-0.9633032659514607,1.1778342286278458,1.1778342286278458
sigma_35,3.5,47,6.0,0.25,-1.9397510012747639,-0.5860917960760528,1.353659205198711,1.353659205198711
sigma_35,3.5,48,6.0,0.25,-2.2540451143132914,-0.8229470242396958,1.4310980900735957,1.4310980900735957
sigma_35,3.5,49,6.0,0.25,-1.1753668156415251,-1.8060129687326216,-0.6306461530910965,0.6306461530910965
sigma_35,3.5,0,12.0,0.5,-1.5037718037429815,-2.4789629074788526,-0.9751911037358711,0.9751911037358711
sigma_35,3.5,1,12.0,0.5,-1.0524787195209748,-5.842717846398671,-4.790239126877696,4.790239126877696
sigma_35,3.5,2,12.0,0.5,-3.2153012360232975,-1.9879494752797953,1.2273517607435023,1.2273517607435023
sigma_35,3.5,3,12.0,0.5,-3.7964547444533143,-1.2171490019459135,2.579305742507401,2.579305742507401
sigma_35,3.5,4,12.0,0.5,-0.904514966067482,0.23364492724833577,1.138159893315818,1.138159893315818
sigma_35,3.5,5,12.0,0.5,-3.766913849265913,-4.221896146581584,-0.4549822973156714,0.4549822973156714
sigma_35,3.5,6,12.0,0.5,-1.7128300789511701,-4.597602269335566,-2.8847721903843953,2.8847721903843953
sigma_35,3.5,7,12.0,0.5,-2.777665861070477,-4.877916462705249,-2.100250601634772,2.100250601634772
sigma_35,3.5,8,12.0,0.5,-0.3440130744472682,1.9195039060355823,2.2635169804828505,2.2635169804828505
sigma_35,3.5,9,12.0,0.5,-1.7950437598469224,-1.090089603801086,0.7049541560458363,0.7049541560458363
sigma_35,3.5,10,12.0,0.5,-2.587891742150454,-2.5400069015623403,0.0478848405881136,0.0478848405881136
sigma_35,3.5,11,12.0,0.5,-3.3279994597040163,-4.41568474037629,-1.0876852806722734,1.0876852806722734
sigma_35,3.5,12,12.0,0.5,-2.205538098623765,-0.8321830594619927,1.3733550391617722,1.3733550391617722
sigma_35,3.5,13,12.0,0.5,-3.828714860626304,-6.203449033124023,-2.3747341724977185,2.3747341724977185
sigma_35,3.5,14,12.0,0.5,-1.2660422125940873,-1.8597813984540188,-0.5937391858599315,0.5937391858599315
sigma_35,3.5,15,12.0,0.5,-3.780586374638834,-5.751675212416783,-1.9710888377779492,1.9710888377779492
sigma_35,3.5,16,12.0,0.5,-1.515961201403503,-3.6557901365065697,-2.1398289351030666,2.1398289351030666
sigma_35,3.5,17,12.0,0.5,-3.669433411148583,-4.450962123792475,-0.7815287126438917,0.7815287126438917
sigma_35,3.5,18,12.0,0.5,-2.4622941710638924,-5.095843466201506,-2.633549295137614,2.633549295137614
sigma_35,3.5,19,12.0,0.5,-0.724375082495169,1.1358987550187656,1.8602738375139345,1.8602738375139345
sigma_35,3.5,20,12.0,0.5,-2.267122574475147,-1.1379870187872532,1.129135555687894,1.129135555687894
sigma_35,3.5,21,12.0,0.5,-2.6612293060605325,-1.7476902539470325,0.9135390521135001,0.9135390521135001
sigma_35,3.5,22,12.0,0.5,-2.228072907496258,-4.297764333370865,-2.069691425874607,2.069691425874607
sigma_35,3.5,23,12.0,0.5,-2.176228989722096,1.6972158440444416,3.8734448337665377,3.8734448337665377
sigma_35,3.5,24,12.0,0.5,-2.5642187639185305,-2.31489895181744,0.24931981210109067,0.24931981210109067
sigma_35,3.5,25,12.0,0.5,-3.0118910472508214,-2.187013596652755,0.8248774505980663,0.8248774505980663
sigma_35,3.5,26,12.0,0.5,-3.4306698992465168,-3.6695256399804994,-0.23885574073398264,0.23885574073398264
sigma_35,3.5,27,12.0,0.5,-1.4947090524026363,-2.6466584585429973,-1.151949406140361,1.151949406140361
sigma_35,3.5,28,12.0,0.5,-2.621535544970541,-4.256808467032865,-1.6352729220623243,1.6352729220623243
sigma_35,3.5,29,12.0,0.5,-3.1415929988630773,-3.416827783639738,-0.27523478477666075,0.27523478477666075
sigma_35,3.5,30,12.0,0.5,-3.1767323435818287,-1.8948314194813447,1.281900924100484,1.281900924100484
sigma_35,3.5,31,12.0,0.5,-2.1760371935044924,1.5241467511371805,3.700183944641673,3.700183944641673
sigma_35,3.5,32,12.0,0.5,-1.064492110719703,-1.3413780911686217,-0.27688598044891877,0.27688598044891877
sigma_35,3.5,33,12.0,0.5,0.5280045772954779,4.295011183434271,3.7670066061387932,3.7670066061387932
sigma_35,3.5,34,12.0,0.5,-2.7886653757036894,-0.7446332639841338,2.044032111719556,2.044032111719556
sigma_35,3.5,35,12.0,0.5,-1.7843753377624278,-2.7927920608860823,-1.0084167231236545,1.0084167231236545
sigma_35,3.5,36,12.0,0.5,-2.6620657174620006,-2.8770565883077466,-0.21499087084574597,0.21499087084574597
sigma_35,3.5,37,12.0,0.5,-2.1792689767608846,-1.9029896136432096,0.276279363117675,0.276279363117675
sigma_35,3.5,38,12.0,0.5,-1.217341906248206,-0.13487531868405064,1.0824665875641555,1.0824665875641555
sigma_35,3.5,39,12.0,0.5,-2.273503011648531,3.1490627338479658,5.422565745496497,5.422565745496497
sigma_35,3.5,40,12.0,0.5,-1.7497296749767042,0.29543654962848853,2.0451662246051927,2.0451662246051927
sigma_35,3.5,41,12.0,0.5,-3.2423951770774826,1.120452001258617,4.3628471783361,4.3628471783361
sigma_35,3.5,42,12.0,0.5,0.2447865726952267,0.5670592252879345,0.3222726525927078,0.3222726525927078
sigma_35,3.5,43,12.0,0.5,-0.9812268072761264,0.3406694268505948,1.3218962341267213,1.3218962341267213
sigma_35,3.5,44,12.0,0.5,-0.18074559238733823,0.7268993188127519,0.9076449112000902,0.9076449112000902
sigma_35,3.5,45,12.0,0.5,-1.3687630908351984,-3.2239106133256747,-1.8551475224904763,1.8551475224904763
sigma_35,3.5,46,12.0,0.5,-2.1411374945793065,-1.570249315229166,0.5708881793501404,0.5708881793501404
sigma_35,3.5,47,12.0,0.5,-1.9397510012747639,-1.3933602828630876,0.5463907184116763,0.5463907184116763
sigma_35,3.5,48,12.0,0.5,-2.2540451143132914,-0.11917217403609733,2.134872940277194,2.134872940277194
sigma_35,3.5,49,12.0,0.5,-1.1753668156415251,-3.2011047548613343,-2.025737939219809,2.025737939219809
sigma_35,3.5,0,24.0,1.0,-1.5037718037429815,-5.284604915117651,-3.7808331113746694,3.7808331113746694
sigma_35,3.5,1,24.0,1.0,-1.0524787195209748,-6.209872192538942,-5.157393473017967,5.157393473017967
sigma_35,3.5,2,24.0,1.0,-3.2153012360232975,0.6102487137265503,3.8255499497498477,3.8255499497498477
sigma_35,3.5,3,24.0,1.0,-3.7964547444533143,-0.33627327673862256,3.460181467714692,3.460181467714692
sigma_35,3.5,4,24.0,1.0,-0.904514966067482,-0.2461247896011095,0.6583901764663725,0.6583901764663725
sigma_35,3.5,5,24.0,1.0,-3.766913849265913,-7.005293988342917,-3.238380139077004,3.238380139077004
sigma_35,3.5,6,24.0,1.0,-1.7128300789511701,-1.2847734966005044,0.4280565823506657,0.4280565823506657
sigma_35,3.5,7,24.0,1.0,-2.777665861070477,-7.773666387471733,-4.996000526401256,4.996000526401256
sigma_35,3.5,8,24.0,1.0,-0.3440130744472682,1.88717665061758,2.2311897250648483,2.2311897250648483
sigma_35,3.5,9,24.0,1.0,-1.7950437598469224,0.23792203048056734,2.0329657903274896,2.0329657903274896
sigma_35,3.5,10,24.0,1.0,-2.587891742150454,-3.5838025858838107,-0.9959108437333568,0.9959108437333568
sigma_35,3.5,11,24.0,1.0,-3.3279994597040163,-5.0230913278833595,-1.6950918681793432,1.6950918681793432
sigma_35,3.5,12,24.0,1.0,-2.205538098623765,-2.0719483367703577,0.1335897618534072,0.1335897618534072
sigma_35,3.5,13,24.0,1.0,-3.828714860626304,-4.3956250781429675,-0.5669102175166634,0.5669102175166634
sigma_35,3.5,14,24.0,1.0,-1.2660422125940873,-4.199614021533169,-2.933571808939082,2.933571808939082
sigma_35,3.5,15,24.0,1.0,-3.780586374638834,-8.358226409257009,-4.577640034618175,4.577640034618175
sigma_35,3.5,16,24.0,1.0,-1.515961201403503,-1.5791590600845906,-0.06319785868108752,0.06319785868108752
sigma_35,3.5,17,24.0,1.0,-3.669433411148583,-5.120013015788384,-1.4505796046398012,1.4505796046398012
sigma_35,3.5,18,24.0,1.0,-2.4622941710638924,-3.819707996607079,-1.3574138255431865,1.3574138255431865
sigma_35,3.5,19,24.0,1.0,-0.724375082495169,-0.7023148400104177,0.022060242484751358,0.022060242484751358
sigma_35,3.5,20,24.0,1.0,-2.267122574475147,2.1285519361446625,4.395674510619809,4.395674510619809
sigma_35,3.5,21,24.0,1.0,-2.6612293060605325,-2.942577685619945,-0.2813483795594123,0.2813483795594123
sigma_35,3.5,22,24.0,1.0,-2.228072907496258,-3.8410114891346785,-1.6129385816384203,1.6129385816384203
sigma_35,3.5,23,24.0,1.0,-2.176228989722096,2.7770780661394654,4.953307055861561,4.953307055861561
sigma_35,3.5,24,24.0,1.0,-2.5642187639185305,0.38820636298957806,2.9524251269081088,2.9524251269081088
sigma_35,3.5,25,24.0,1.0,-3.0118910472508214,-1.4541598443617463,1.557731202889075,1.557731202889075
sigma_35,3.5,26,24.0,1.0,-3.4306698992465168,0.013510652698609264,3.444180551945126,3.444180551945126
sigma_35,3.5,27,24.0,1.0,-1.4947090524026363,-3.217461189475377,-1.7227521370727406,1.7227521370727406
sigma_35,3.5,28,24.0,1.0,-2.621535544970541,-8.900854215319137,-6.279318670348596,6.279318670348596
sigma_35,3.5,29,24.0,1.0,-3.1415929988630773,-5.492641172319727,-2.35104817345665,2.35104817345665
sigma_35,3.5,30,24.0,1.0,-3.1767323435818287,-4.278486628923274,-1.1017542853414457,1.1017542853414457
sigma_35,3.5,31,24.0,1.0,-2.1760371935044924,2.8928607107003987,5.068897904204891,5.068897904204891
sigma_35,3.5,32,24.0,1.0,-1.064492110719703,-3.3500696518185205,-2.2855775410988173,2.2855775410988173
sigma_35,3.5,33,24.0,1.0,0.5280045772954779,3.7278020849668834,3.1997975076714056,3.1997975076714056
sigma_35,3.5,34,24.0,1.0,-2.7886653757036894,2.1981422955238066,4.986807671227496,4.986807671227496
sigma_35,3.5,35,24.0,1.0,-1.7843753377624278,2.0757751723313023,3.86015051009373,3.86015051009373
sigma_35,3.5,36,24.0,1.0,-2.6620657174620006,-2.273055188315464,0.38901052914653667,0.38901052914653667
sigma_35,3.5,37,24.0,1.0,-2.1792689767608846,0.5030814381770656,2.6823504149379502,2.6823504149379502
sigma_35,3.5,38,24.0,1.0,-1.217341906248206,1.1595669224627094,2.3769088287109152,2.3769088287109152
sigma_35,3.5,39,24.0,1.0,-2.273503011648531,3.605160781060931,5.878663792709462,5.878663792709462
sigma_35,3.5,40,24.0,1.0,-1.7497296749767042,-0.15092767325798997,1.5988020017187141,1.5988020017187141
sigma_35,3.5,41,24.0,1.0,-3.2423951770774826,3.892139135944341,7.134534313021824,7.134534313021824
sigma_35,3.5,42,24.0,1.0,0.2447865726952267,0.760349167933707,0.5155625952384804,0.5155625952384804
sigma_35,3.5,43,24.0,1.0,-0.9812268072761264,1.3806399768315722,2.361866784107699,2.361866784107699
sigma_35,3.5,44,24.0,1.0,-0.18074559238733823,4.447257092402705,4.628002684790043,4.628002684790043
sigma_35,3.5,45,24.0,1.0,-1.3687630908351984,-6.094498481419723,-4.725735390584525,4.725735390584525
sigma_35,3.5,46,24.0,1.0,-2.1411374945793065,-2.7799833531214886,-0.6388458585421821,0.6388458585421821
sigma_35,3.5,47,24.0,1.0,-1.9397510012747639,-5.492773971878814,-3.553022970604051,3.553022970604051
sigma_35,3.5,48,24.0,1.0,-2.2540451143132914,3.3954008516168868,5.649445965930179,5.649445965930179
sigma_35,3.5,49,24.0,1.0,-1.1753668156415251,1.3335228884891288,2.508889704130654,2.508889704130654
sigma_35,3.5,0,48.0,2.0,-1.5037718037429815,-8.077519999876403,-6.573748196133421,6.573748196133421
sigma_35,3.5,1,48.0,2.0,-1.0524787195209748,-8.478435664239395,-7.42595694471842,7.42595694471842
sigma_35,3.5,2,48.0,2.0,-3.2153012360232975,2.271834846601154,5.487136082624452,5.487136082624452
sigma_35,3.5,3,48.0,2.0,-3.7964547444533143,2.179340501685698,5.975795246139013,5.975795246139013
sigma_35,3.5,4,48.0,2.0,-0.904514966067482,-3.566260752072724,-2.661745786005242,2.661745786005242
sigma_35,3.5,5,48.0,2.0,-3.766913849265913,-5.808075219880644,-2.041161370614731,2.041161370614731
sigma_35,3.5,6,48.0,2.0,-1.7128300789511701,4.2349507410193254,5.947780819970496,5.947780819970496
sigma_35,3.5,7,48.0,2.0,-2.777665861070477,-3.828596842594583,-1.0509309815241061,1.0509309815241061
sigma_35,3.5,8,48.0,2.0,-0.3440130744472682,8.332097677533474,8.676110751980742,8.676110751980742
sigma_35,3.5,9,48.0,2.0,-1.7950437598469224,0.8423519183088579,2.63739567815578,2.63739567815578
sigma_35,3.5,10,48.0,2.0,-2.587891742150454,-7.412396940286659,-4.8245051981362055,4.8245051981362055
sigma_35,3.5,11,48.0,2.0,-3.3279994597040163,-8.016795237279458,-4.688795777575442,4.688795777575442
sigma_35,3.5,12,48.0,2.0,-2.205538098623765,-3.455563308716797,-1.2500252100930322,1.2500252100930322
sigma_35,3.5,13,48.0,2.0,-3.828714860626304,-5.578989792077065,-1.750274931450761,1.750274931450761
sigma_35,3.5,14,48.0,2.0,-1.2660422125940873,-1.4382793226743287,-0.17223711008024134,0.17223711008024134
sigma_35,3.5,15,48.0,2.0,-3.780586374638834,-5.847551095466962,-2.0669647208281274,2.0669647208281274
sigma_35,3.5,16,48.0,2.0,-1.515961201403503,4.37428399240951,5.890245193813014,5.890245193813014
sigma_35,3.5,17,48.0,2.0,-3.669433411148583,0.6433735696744366,4.312806980823019,4.312806980823019
sigma_35,3.5,18,48.0,2.0,-2.4622941710638924,-1.231463104823018,1.2308310662408743,1.2308310662408743
sigma_35,3.5,19,48.0,2.0,-0.724375082495169,1.4120514896487821,2.136426572143951,2.136426572143951
sigma_35,3.5,20,48.0,2.0,-2.267122574475147,6.890017572559394,9.157140147034541,9.157140147034541
sigma_35,3.5,21,48.0,2.0,-2.6612293060605325,1.2387047183650957,3.899934024425628,3.899934024425628
sigma_35,3.5,22,48.0,2.0,-2.228072907496258,-4.170535991889373,-1.9424630843931152,1.9424630843931152
sigma_35,3.5,23,48.0,2.0,-2.176228989722096,0.37157741367647346,2.5478064033985692,2.5478064033985692
sigma_35,3.5,24,48.0,2.0,-2.5642187639185305,-2.0003997407669187,0.5638190231516118,0.5638190231516118
sigma_35,3.5,25,48.0,2.0,-3.0118910472508214,-4.53915799228649,-1.5272669450356684,1.5272669450356684
sigma_35,3.5,26,48.0,2.0,-3.4306698992465168,-3.6708281166552275,-0.24015821740871068,0.24015821740871068
sigma_35,3.5,27,48.0,2.0,-1.4947090524026363,-4.366112573749945,-2.8714035213473084,2.8714035213473084
sigma_35,3.5,28,48.0,2.0,-2.621535544970541,-7.076567191496284,-4.455031646525743,4.455031646525743
sigma_35,3.5,29,48.0,2.0,-3.1415929988630773,4.458072799268598,7.599665798131674,7.599665798131674
sigma_35,3.5,30,48.0,2.0,-3.1767323435818287,-9.26195598749445,-6.08522364391262,6.08522364391262
sigma_35,3.5,31,48.0,2.0,-2.1760371935044924,4.275793818380319,6.451831011884812,6.451831011884812
sigma_35,3.5,32,48.0,2.0,-1.064492110719703,-3.2520913367297437,-2.1875992260100405,2.1875992260100405
sigma_35,3.5,33,48.0,2.0,0.5280045772954779,5.457316104858615,4.9293115275631365,4.9293115275631365
sigma_35,3.5,34,48.0,2.0,-2.7886653757036894,3.4640013174495414,6.25266669315323,6.25266669315323
sigma_35,3.5,35,48.0,2.0,-1.7843753377624278,1.9412226904811325,3.72559802824356,3.72559802824356
sigma_35,3.5,36,48.0,2.0,-2.6620657174620006,-0.9199812771862336,1.7420844402757671,1.7420844402757671
sigma_35,3.5,37,48.0,2.0,-2.1792689767608846,0.533446709668818,2.7127156864297026,2.7127156864297026
sigma_35,3.5,38,48.0,2.0,-1.217341906248206,2.3696676425452896,3.5870095487934957,3.5870095487934957
sigma_35,3.5,39,48.0,2.0,-2.273503011648531,5.470821080867947,7.744324092516478,7.744324092516478
sigma_35,3.5,40,48.0,2.0,-1.7497296749767042,-3.389927918550126,-1.6401982435734217,1.6401982435734217
sigma_35,3.5,41,48.0,2.0,-3.2423951770774826,8.055547663422317,11.2979428404998,11.2979428404998
sigma_35,3.5,42,48.0,2.0,0.2447865726952267,4.484466147345943,4.239679574650716,4.239679574650716
sigma_35,3.5,43,48.0,2.0,-0.9812268072761264,8.372743773925123,9.35397058120125,9.35397058120125
sigma_35,3.5,44,48.0,2.0,-0.18074559238733823,4.301728832657354,4.482474425044693,4.482474425044693
sigma_35,3.5,45,48.0,2.0,-1.3687630908351984,-2.9546208665929616,-1.5858577757577632,1.5858577757577632
sigma_35,3.5,46,48.0,2.0,-2.1411374945793065,-3.428734244349346,-1.2875967497700396,1.2875967497700396
sigma_35,3.5,47,48.0,2.0,-1.9397510012747639,-6.009228849701007,-4.069477848426243,4.069477848426243
sigma_35,3.5,48,48.0,2.0,-2.2540451143132914,11.35912977419278,13.613174888506071,13.613174888506071
sigma_35,3.5,49,48.0,2.0,-1.1753668156415251,0.03310030489226825,1.2084671205337933,1.2084671205337933
sigma_35,3.5,0,72.0,3.0,-1.5037718037429815,-3.1361786463273353,-1.6324068425843539,1.6324068425843539
sigma_35,3.5,1,72.0,3.0,-1.0524787195209748,-3.7504616733102196,-2.6979829537892446,2.6979829537892446
sigma_35,3.5,2,72.0,3.0,-3.2153012360232975,2.9617654311055333,6.17706666712883,6.17706666712883
sigma_35,3.5,3,72.0,3.0,-3.7964547444533143,1.74221828626388,5.538673030717194,5.538673030717194
sigma_35,3.5,4,72.0,3.0,-0.904514966067482,-3.8826389406528676,-2.978123974585386,2.978123974585386
sigma_35,3.5,5,72.0,3.0,-3.766913849265913,-7.187576103992521,-3.4206622547266083,3.4206622547266083
sigma_35,3.5,6,72.0,3.0,-1.7128300789511701,-0.6717140579023738,1.0411160210487962,1.0411160210487962
sigma_35,3.5,7,72.0,3.0,-2.777665861070477,-2.064822708195148,0.7128431528753292,0.7128431528753292
sigma_35,3.5,8,72.0,3.0,-0.3440130744472682,7.347960362779885,7.691973437227153,7.691973437227153
sigma_35,3.5,9,72.0,3.0,-1.7950437598469224,3.7020869105499945,5.497130670396917,5.497130670396917
sigma_35,3.5,10,72.0,3.0,-2.587891742150454,-5.109265333762142,-2.521373591611688,2.521373591611688
sigma_35,3.5,11,72.0,3.0,-3.3279994597040163,-14.488366379905582,-11.160366920201565,11.160366920201565
sigma_35,3.5,12,72.0,3.0,-2.205538098623765,-0.12976180220127387,2.0757762964224913,2.0757762964224913
sigma_35,3.5,13,72.0,3.0,-3.828714860626304,-10.456533129437709,-6.627818268811405,6.627818268811405
sigma_35,3.5,14,72.0,3.0,-1.2660422125940873,-0.9081099423266695,0.3579322702674178,0.3579322702674178
sigma_35,3.5,15,72.0,3.0,-3.780586374638834,-4.146790942408047,-0.36620456776921273,0.36620456776921273
sigma_35,3.5,16,72.0,3.0,-1.515961201403503,2.5424021226357714,4.0583633240392745,4.0583633240392745
sigma_35,3.5,17,72.0,3.0,-3.669433411148583,8.01603941959417,11.685472830742754,11.685472830742754
sigma_35,3.5,18,72.0,3.0,-2.4622941710638924,6.45350335232539,8.915797523389282,8.915797523389282
sigma_35,3.5,19,72.0,3.0,-0.724375082495169,-2.309015886141903,-1.5846408036467339,1.5846408036467339
sigma_35,3.5,20,72.0,3.0,-2.267122574475147,3.022879864545177,5.2900024390203235,5.2900024390203235
sigma_35,3.5,21,72.0,3.0,-2.6612293060605325,8.824441440716415,11.485670746776947,11.485670746776947
sigma_35,3.5,22,72.0,3.0,-2.228072907496258,-1.1258333646137464,1.1022395428825118,1.1022395428825118
sigma_35,3.5,23,72.0,3.0,-2.176228989722096,-4.240033380027729,-2.063804390305633,2.063804390305633
sigma_35,3.5,24,72.0,3.0,-2.5642187639185305,-5.486607873279671,-2.9223891093611405,2.9223891093611405
sigma_35,3.5,25,72.0,3.0,-3.0118910472508214,-1.185842602268254,1.8260484449825674,1.8260484449825674
sigma_35,3.5,26,72.0,3.0,-3.4306698992465168,-7.7446426106844415,-4.313972711437925,4.313972711437925
sigma_35,3.5,27,72.0,3.0,-1.4947090524026363,-2.9650791616207433,-1.470370109218107,1.470370109218107
sigma_35,3.5,28,72.0,3.0,-2.621535544970541,-4.826661559000325,-2.205126014029784,2.205126014029784
sigma_35,3.5,29,72.0,3.0,-3.1415929988630773,8.632654934133708,11.774247932996785,11.774247932996785
sigma_35,3.5,30,72.0,3.0,-3.1767323435818287,-9.632345721524347,-6.455613377942518,6.455613377942518
sigma_35,3.5,31,72.0,3.0,-2.1760371935044924,7.307809052586173,9.483846246090666,9.483846246090666
sigma_35,3.5,32,72.0,3.0,-1.064492110719703,-0.4042324115021656,0.6602596992175374,0.6602596992175374
sigma_35,3.5,33,72.0,3.0,0.5280045772954779,-2.270043424399956,-2.7980480016954337,2.7980480016954337
sigma_35,3.5,34,72.0,3.0,-2.7886653757036894,3.0331946223242756,5.821859998027965,5.821859998027965
sigma_35,3.5,35,72.0,3.0,-1.7843753377624278,5.236085967770163,7.02046130553259,7.02046130553259
sigma_35,3.5,36,72.0,3.0,-2.6620657174620006,2.621722917851641,5.283788635313641,5.283788635313641
sigma_35,3.5,37,72.0,3.0,-2.1792689767608846,0.020220373320891827,2.1994893500817763,2.1994893500817763
sigma_35,3.5,38,72.0,3.0,-1.217341906248206,-0.5896962683075115,0.6276456379406945,0.6276456379406945
sigma_35,3.5,39,72.0,3.0,-2.273503011648531,7.500673258950611,9.774176270599142,9.774176270599142
sigma_35,3.5,40,72.0,3.0,-1.7497296749767042,-9.60627349503611,-7.8565438200594055,7.8565438200594055
sigma_35,3.5,41,72.0,3.0,-3.2423951770774826,14.285927890480263,17.528323067557746,17.528323067557746
sigma_35,3.5,42,72.0,3.0,0.2447865726952267,6.269994079599462,6.025207506904235,6.025207506904235
sigma_35,3.5,43,72.0,3.0,-0.9812268072761264,7.7333399366536675,8.714566743929794,8.714566743929794
sigma_35,3.5,44,72.0,3.0,-0.18074559238733823,6.257151721662186,6.437897314049525,6.437897314049525
sigma_35,3.5,45,72.0,3.0,-1.3687630908351984,-7.791834167227634,-6.423071076392436,6.423071076392436
sigma_35,3.5,46,72.0,3.0,-2.1411374945793065,-2.704485048313338,-0.5633475537340313,0.5633475537340313
sigma_35,3.5,47,72.0,3.0,-1.9397510012747639,-4.361636411052217,-2.4218854097774534,2.4218854097774534
sigma_35,3.5,48,72.0,3.0,-2.2540451143132914,6.393982784280738,8.64802789859403,8.64802789859403
sigma_35,3.5,49,72.0,3.0,-1.1753668156415251,4.8339462241426085,6.009313039784134,6.009313039784134
