Individual ID,iSNV,First sample (in days post symptom onset),Second sample (in days post symptom onset),First sample iSNV frequency,Second sample iSNV frequency
1-5,PB2_A581G,4,6,0.479035,0.367066
20352,PA_G1923T,3,4,0.062417,0.095038
20352,PA_G1923T,4,5,0.095038,0.0
20352,PB1_C1344T,5,6,0.162707,0.0
20361,PB1_T1902C,3,5,0.408673,0.301644
20368,PA_G1389A,4,6,0.054936,0.0
20387,PB1_G1089A,4,5,0.307672,0.0
20396,HA_G1046A,5,6,0.119372,0.0
20397,PB2_A1188G,5,6,0.483658,0.18692
20423,HA_G515A,1,3,0.500871,0.653341
20426,PA_C1627T,2,4,0.033737,0.0
20430,NP_T716C,1,2,0.030419,0.0
20430,PB1_C1683T,2,3,0.289751,0.055602
20457,PA_A287G,4,5,0.238148,0.036272
20464,PB2_T1964C,4,5,0.112385,0.0
20467,PB1_T246G,3,5,0.025459,0.0
20510,NA_T736G,4,5,0.422175,0.598542
20513,NP_A1168G,4,6,0.519636,0.0
20578,PB1_A1370G,2,6,0.047245,0.062103
20579,HA_T365C,4,5,0.243651,0.749678
20579,HA_T365C,5,6,0.749678,0.032392
20579,PB1_A1370G,2,3,0.050479,0.071581
20579,PB1_A1370G,3,4,0.071581,0.055547
20581,PB1_A1370G,3,6,0.086698,0.057311
20592,PB1_T1128A,3,5,0.220953,0.007044
20601,HA_G435A,5,6,0.140262,0.245257
20606,PB1_A1370G,3,5,0.12448,0.044021
20607,PA_A1100G,4,5,0.246085,0.0
20609,PB1_A1370G,2,5,0.060262,0.012538
20610,PB1_A1370G,4,5,0.090175,0.045852
20627,HA_C256A,3,4,0.488891,0.449795
20630,NP_A408C,3,4,0.223439,0.0
20644,NA_G736T,1,5,0.422078,0.015653
20694,PB2_A1188G,4,5,0.273602,0.066724
37104,PB1_A1370G,4,6,0.106919,0.085593
37113,PB2_A1350G,5,6,0.41358,0.288451
37122,NP_T314C,5,6,0.341082,0.441837
37132,PB1_A1370G,3,6,0.066609,0.047354
37133,NA_G736T,5,6,0.429513,0.519125
37135,HA_C366T,5,6,0.1594,0.0
37139,HA_C368T,4,5,0.203188,0.018556
37141,PB2_A1380G,4,6,0.364315,0.998183
37157,PB1_T258C,4,6,0.51727,0.492229
37158,PA_G1026A,2,3,0.4957,0.37216
37158,PA_G1026A,3,4,0.37216,0.435805
37158,PA_G1026A,4,5,0.435805,0.997728
37159,HA_A1395G,2,3,0.108609,0.016224
37159,NP_A585G,4,5,0.152099,0.0
37159,PA_C591T,3,4,0.037131,0.085677
37177,PB2_A861C,5,6,0.088314,0.0
37182,NA_G694T,4,5,0.056759,0.0
37188,PB2_A813G,3,4,0.480526,0.0
37192,PB1_A714G,5,6,0.107894,0.273245
37193,NA_G736T,5,6,0.124311,0.404663
37199,PA_A1347G,5,6,0.309573,0.0
37201,HA_T568C,4,6,0.296052,0.0
37208,PA_G1552A,4,6,0.081628,0.0
37216,PB1_G1712A,5,6,0.073685,0.048254
37227,PB2_A1188G,5,6,0.453356,0.348411
37228,PB1_G1647A,5,6,0.079439,0.0
37248,NP_T264C,4,6,0.094902,0.0
37250,PB1_C455A,5,6,0.069346,0.0
37260,NS_A387G,5,6,0.103515,0.00917
37262,PA_A1166G,4,5,0.352147,0.0
37271,NP_C1218T,4,6,0.498521,0.0
37279,PB1_A1370G,1,5,0.10449,0.101926
37280,PA_C582A,5,6,0.026559,0.0
37281,HA_A418G,5,6,0.15334,0.0
37284,PB1_G1390A,5,6,0.054452,0.009048
37285,PB2_G1188A,5,6,0.244,0.241598
37301,NA_G420A,4,6,0.170073,0.0
37302,PB2_A1278G,5,6,0.185709,0.998175
37310,PA_G1773T,5,6,0.030656,0.0
37317,PB1_A1370G,3,6,0.084076,0.08024
37318,HA_G435A,5,6,0.166871,0.024006
37319,HA_G435A,5,6,0.228473,0.147855
37330,NA_G736T,3,6,0.339341,0.165866
37331,HA_A968G,5,6,0.456779,0.925854
37334,PB1_G1764A,5,6,0.459277,0.080766
37337,PA_A225G,5,6,0.344844,0.945273
37340,PB2_A1188G,5,6,0.482769,0.911162
37341,PA_G1789T,5,6,0.079625,0.051674
37355,PB1_G799A,2,5,0.156777,0.0
37356,PB1_A1370G,4,6,0.043185,0.057442
37364,PB2_A1188G,2,5,0.227924,0.399105
37365,PB2_G1188A,3,6,0.224528,0.179033
