Individual ID,sample_id1,sample_id2,collection_date1,collection_date2,iSNV,DPS1 Frequency,DPS2 Frequency,impact,DPS1,DPS2,subset,position
CAMS001914,CAMB-71C42,CAMB-79DCF,2020-03-31,2020-04-02,G24781C,0.208149641012722,0.0387817143506549,Missense,0,2,1.0,24781
CAMS001914,CAMB-71C42,CAMB-79DCF,2020-03-31,2020-04-02,G27987A,0.1157982791587,0.0673748103186646,Missense,0,2,,27987
CAMS001486,CAMB-71F58,CAMB-768C1,2020-03-28,2020-03-30,C10993T,0.328125,0.037952945217242,Synonymous,0,2,,10993
CAMS001486,CAMB-71F58,CAMB-768C1,2020-03-28,2020-03-30,G21986T,0.598923283983849,0.982473913483943,Missense,0,2,1.0,21986
CAMS001424,CAMB-7226D,CAMB-761E4,2020-03-28,2020-03-30,C26912T,0.0426871840701539,0.0076779414816351,Synonymous,0,2,,26912
CAMS001424,CAMB-7226D,CAMB-761E4,2020-03-28,2020-03-30,T950C,0.258335223406668,0.480719411976152,Missense,0,2,1.0,950
CAMS000737,CAMB-7268F,CAMB-723E2,2020-03-23,2020-03-24,C162T,0.578950145080454,0.816960945683076,,0,1,1.0,162
CAMS000737,CAMB-7268F,CAMB-723E2,2020-03-23,2020-03-24,A29040T,0.309206186322656,0.132810131698609,Missense,0,1,,29040
CAMS000737,CAMB-7268F,CAMB-723E2,2020-03-23,2020-03-24,C3425T,0.0263174848601984,0.0223449739412664,Missense,0,1,,3425
CAMS001538,CAMB-75C8A,CAMB-77C5B,2020-03-29,2020-03-31,C24138T,0.0255755189792129,0.0126803996546195,Missense,0,2,,24138
CAMS001538,CAMB-75C8A,CAMB-77C5B,2020-03-29,2020-03-31,G25500T,0.135552486683286,0.193017111116739,Synonymous,0,2,,25500
CAMS001538,CAMB-75C8A,CAMB-77C5B,2020-03-29,2020-03-31,C6016T,0.150464198057838,0.139332681230301,Synonymous,0,2,1.0,6016
CAMS001538,CAMB-75C8A,CAMB-77C5B,2020-03-29,2020-03-31,C8782T,0.0572310977237198,0.333159457507423,Synonymous,0,2,,8782
CAMS001586,CAMB-75FEB,CAMB-766B8,2020-03-28,2020-03-30,G15732T,0.409804352604968,0.0055467731647114,Synonymous,0,2,1.0,15732
CAMS001670,CAMB-76542,CAMB-7A20B,2020-03-29,2020-04-01,A22002C,0.263630916716597,0.0105018378216188,Missense,0,3,,22002
CAMS001670,CAMB-76542,CAMB-7A20B,2020-03-29,2020-04-01,T6448C,0.325141365811222,0.0206162658634142,Synonymous,0,3,1.0,6448
CAMS001666,CAMB-765CA,CAMB-76269,2020-03-29,2020-03-30,C20759T,0.268226230740323,0.508151104615212,Missense,0,1,1.0,20759
CAMS001662,CAMB-7664F,CAMB-769CE,2020-03-29,2020-03-30,C17678T,0.0250865051903114,0.017505527376772,Missense,0,1,,17678
CAMS001662,CAMB-7664F,CAMB-769CE,2020-03-29,2020-03-30,T25036C,0.0202513222817791,0.0357297203854963,Synonymous,0,1,,25036
CAMS001803,CAMB-767F1,CAMB-769DD,2020-03-29,2020-03-30,C1263T,0.978483547925608,0.997514233020608,Missense,0,1,,1263
CAMS001741,CAMB-76C3E,CAMB-76937,2020-03-29,2020-03-30,C1108T,0.0601933924254633,0.0426676991578744,Synonymous,0,1,1.0,1108
CAMS001762,CAMB-76CD4,CAMB-76AF8,2020-03-30,2020-03-31,C10186T,0.640124954305274,0.712594541269319,Synonymous,0,1,1.0,10186
CAMS002054,CAMB-77523,CAMB-7756F,2020-03-30,2020-03-31,G1772A,0.407892892191224,0.422699828283388,Missense,0,1,,1772
CAMS002054,CAMB-77523,CAMB-7756F,2020-03-30,2020-03-31,G29332T,0.447733580018501,0.279507785032647,Synonymous,0,1,1.0,29332
CAMS002054,CAMB-77523,CAMB-7756F,2020-03-30,2020-03-31,T9519C,0.148251192368839,0.12773951158422,Missense,0,1,,9519
CAMS002054,CAMB-77523,CAMB-7756F,2020-03-30,2020-03-31,A9741G,0.266122252912213,0.261535904255319,Missense,0,1,,9741
CAMS001997,CAMB-77866,CAMB-78DEE,2020-03-31,2020-04-02,T26446C,0.170354485492413,0.148340280524538,Missense,0,2,1.0,26446
CAMS001997,CAMB-77866,CAMB-78DEE,2020-03-31,2020-04-02,C27998T,0.0247236478484011,0.0243653579299649,Synonymous,0,2,,27998
CAMS002135,CAMB-77A42,CAMB-7A6B4,2020-03-31,2020-04-02,A3722G,0.02698417446974,0.0059677740202904,Missense,0,2,1.0,3722
CAMS002279,CAMB-77ABB,CAMB-78CB4,2020-04-01,2020-04-03,C241T,0.892458364875095,0.999670797375785,,0,2,,241
CAMS002279,CAMB-77ABB,CAMB-78CB4,2020-04-01,2020-04-03,C26305T,0.162976489385985,0.0678602921443086,Missense,0,2,1.0,26305
CAMS002279,CAMB-77ABB,CAMB-78CB4,2020-04-01,2020-04-03,C28253T,0.0340452322146351,0.0096476950540796,Synonymous,0,2,,28253
CAMS002128,CAMB-77AE8,CAMB-7A55D,2020-03-31,2020-04-01,C7504T,0.0543971800693034,0.119338904021052,Synonymous,0,1,,7504
CAMS002128,CAMB-77AE8,CAMB-7A55D,2020-03-31,2020-04-01,C7528T,0.063269207790656,0.121406784360847,Synonymous,0,1,1.0,7528
CAMS001867,CAMB-77C3D,CAMB-7B6A4,2020-03-31,2020-04-03,T13438C,0.0299937185929648,0.0280080663231011,Synonymous,0,3,1.0,13438
CAMS001867,CAMB-77C3D,CAMB-7B6A4,2020-03-31,2020-04-03,C14928T,0.0216525354944245,0.0468014128728414,Synonymous,0,3,,14928
CAMS002162,CAMB-77C79,CAMB-79390,2020-04-01,2020-04-03,C17550T,0.0350997150997151,0.0129542827789906,Synonymous,0,2,,17550
CAMS002162,CAMB-77C79,CAMB-79390,2020-04-01,2020-04-03,C9491T,0.583205747261807,0.303710723919224,Missense,0,2,1.0,9491
CAMS002162,CAMB-77C79,CAMB-79390,2020-04-01,2020-04-03,A9737G,0.0271183691126372,0.0274392640930891,Missense,0,2,,9737
CAMS002186,CAMB-78188,CAMB-78B3F,2020-04-01,2020-04-03,C21637T,0.0700778642936596,0.141862845445241,Synonymous,0,2,,21637
CAMS002327,CAMB-7980A,CAMB-79F50,2020-04-01,2020-04-02,C27697T,0.0321285140562249,0.0215195432586737,Missense,0,1,1.0,27697
CAMS002327,CAMB-7980A,CAMB-79F50,2020-04-01,2020-04-02,C3177T,0.0240367356706952,0.0180804556210645,Missense,0,1,,3177
CAMS002327,CAMB-7980A,CAMB-79F50,2020-04-01,2020-04-02,T5773C,0.0315019688730546,0.0208139239434234,Synonymous,0,1,,5773
CAMS002325,CAMB-79837,CAMB-7A6A5,2020-04-01,2020-04-02,A12498G,0.0633734411230181,0.0411853133172711,Missense,0,1,,12498
CAMS002325,CAMB-79837,CAMB-7A6A5,2020-04-01,2020-04-02,C203T,0.0295959210111109,0.0532850241545894,,0,1,,203
CAMS002325,CAMB-79837,CAMB-7A6A5,2020-04-01,2020-04-02,C22452T,0.0254433307632999,0.0592991913746631,Missense,0,1,,22452
CAMS002325,CAMB-79837,CAMB-7A6A5,2020-04-01,2020-04-02,A26530G,0.0932236584410497,0.28902378592666,Missense,0,1,,26530
CAMS002325,CAMB-79837,CAMB-7A6A5,2020-04-01,2020-04-02,C28253T,0.612339288495872,0.13909343806251,Synonymous,0,1,1.0,28253
CAMS002325,CAMB-79837,CAMB-7A6A5,2020-04-01,2020-04-02,C3096T,0.0270570614098662,0.0339810054892393,Missense,0,1,,3096
CAMS002325,CAMB-79837,CAMB-7A6A5,2020-04-01,2020-04-02,C346T,0.0494601370040461,0.261628844912885,Synonymous,0,1,,346
CAMS002325,CAMB-79837,CAMB-7A6A5,2020-04-01,2020-04-02,C3828T,0.0507434611250448,0.203741566141893,Missense,0,1,,3828
CAMS002325,CAMB-79837,CAMB-7A6A5,2020-04-01,2020-04-02,C635T,0.113451420554192,0.132661130881771,Missense,0,1,,635
CAMS002325,CAMB-79837,CAMB-7A6A5,2020-04-01,2020-04-02,C683T,0.0205228306324258,0.0225493009716699,Synonymous,0,1,,683
CAMS002325,CAMB-79837,CAMB-7A6A5,2020-04-01,2020-04-02,C9430T,0.0541819852941176,0.0740396530359356,Synonymous,0,1,,9430
